siren,dep
200029999,01
200035210,01
200040350,01
200040590,01
200042497,01
200042935,01
240100156,01
240100172,01
240100339,01
240100347,01
240100354,01
240100370,01
240100396,01
240100412,01
240100438,01
240100578,01
240100594,01
240100602,01
240100610,01
240100628,01
240100636,01
240100644,01
240100651,01
240100669,01
240100677,01
240100685,01
240100693,01
240100701,01
240100727,01
240100735,01
240100743,01
240100750,01
240100784,01
240100800,01
240100818,01
240100826,01
240100834,01
240100842,01
240100867,01
240100875,01
240100883,01
240100891,01
240100909,01
240100941,01
247104193,01
247400823,01
200040426,02
200043495,02
240200261,02
240200279,02
240200402,02
240200410,02
240200428,02
240200436,02
240200444,02
240200451,02
240200469,02
240200477,02
240200485,02
240200493,02
240200501,02
240200519,02
240200527,02
240200550,02
240200568,02
240200576,02
240200584,02
240200592,02
240200600,02
240200618,02
240200626,02
240200634,02
240200642,02
240200659,02
240200683,02
240200691,02
248000341,02
240300418,03
240300426,03
240300491,03
240300533,03
240300558,03
240300566,03
240300582,03
240300590,03
240300608,03
240300616,03
240300624,03
240300640,03
240300657,03
240300673,03
240300681,03
240300699,03
240300707,03
240300715,03
240300723,03
240300731,03
240300756,03
247104078,03
200001071,04
200017762,04
200018190,04
200026854,04
200034700,04
200034916,04
200040624,04
240400010,04
240400135,04
240400275,04
240400283,04
240400291,04
240400366,04
240400374,04
240400382,04
240400390,04
240400408,04
240400432,04
240400440,04
240400457,04
240400465,04
240400473,04
240400481,04
240400499,04
240400507,04
240400515,04
240400523,04
240400531,04
240500421,04
248400202,04
200040004,05
240500181,05
240500199,05
240500215,05
240500223,05
240500314,05
240500322,05
240500330,05
240500348,05
240500363,05
240500389,05
240500397,05
240500405,05
240500413,05
240500421,05
240500439,05
240500447,05
240500454,05
240500462,05
240500470,05
240500488,05
200006757,06
200018109,06
200030195,06
200039857,06
200039915,06
200039931,06
240600460,06
240600486,06
240600494,06
240600502,06
240600510,06
240600528,06
240600536,06
240600551,06
240600569,06
240600577,06
240600585,06
240600593,06
200000594,07
200000636,07
200000644,07
200000966,07
200000974,07
200000982,07
200016905,07
200023877,07
200026706,07
200035129,07
200038933,07
200039808,07
200039824,07
200039832,07
200040491,07
200041044,07
200041366,07
200041465,07
200043917,07
240700286,07
240700302,07
240700310,07
240700328,07
240700336,07
240700575,07
240700617,07
240700625,07
240700641,07
240700666,07
240700674,07
240700708,07
240700716,07
240700724,07
240700740,07
240700757,07
240700765,07
240700773,07
240700781,07
240700799,07
240700807,07
240700815,07
240700823,07
240700831,07
240700849,07
240700856,07
240700864,07
240700872,07
240700880,07
242600484,07
242600625,07
242600674,07
200026318,08
200041606,08
200041622,08
200041630,08
200043156,08
240800821,08
240800839,08
240800847,08
240800854,08
240800862,08
240800870,08
240800904,08
240800920,08
240800946,08
240800953,08
240800961,08
240800979,08
240800987,08
240800995,08
240801001,08
240801019,08
200044469,09
240900266,09
240900316,09
240900324,09
240900332,09
240900357,09
240900373,09
240900381,09
240900407,09
240900415,09
240900423,09
240900431,09
240900449,09
240900456,09
240900464,09
240900472,09
240900480,09
240900498,09
240900506,09
240900522,09
240900530,09
240900555,09
200000545,10
200006716,10
200022846,10
200023273,10
200027035,10
200040137,10
241000116,10
241000223,10
241000256,10
241000264,10
241000280,10
241000363,10
241000371,10
241000389,10
241000397,10
241000405,10
241000413,10
241000421,10
241000439,10
241000447,10
241000454,10
241000462,10
241000470,10
241000488,10
241000496,10
251000832,10
200035707,11
200035715,11
200035855,11
200035863,11
200035871,11
200042463,11
200043487,11
200043776,11
241100304,11
241100312,11
241100320,11
241100338,11
241100346,11
241100353,11
241100361,11
241100379,11
241100411,11
241100429,11
241100437,11
241100445,11
241100452,11
241100460,11
241100478,11
241100486,11
241100494,11
241100510,11
241100528,11
241100536,11
241100544,11
241100551,11
241100569,11
241100577,11
241100585,11
241100593,11
241100601,11
241100619,11
241100627,11
241100643,11
243100567,11
246600407,11
200000735,12
200000867,12
200006070,12
200023216,12
200042828,12
241200054,12
241200187,12
241200542,12
241200567,12
241200583,12
241200591,12
241200609,12
241200617,12
241200625,12
241200633,12
241200641,12
241200658,12
241200666,12
241200674,12
241200690,12
241200716,12
241200724,12
241200732,12
241200765,12
241200773,12
241200781,12
241200799,12
241200807,12
241200815,12
241200823,12
241200831,12
241200849,12
241200856,12
241200864,12
241200872,12
241200880,12
241200906,12
241200914,12
244600466,12
200035087,13
200054807,13
241300177,13
241300201,13
241300268,13
241300276,13
241300375,13
241300383,13
241300391,13
241300409,13
241300417,13
200026185,14
200033124,14
200033157,14
241400381,14
241400415,14
241400498,14
241400514,14
241400522,14
241400530,14
241400548,14
241400555,14
241400589,14
241400613,14
241400621,14
241400639,14
241400647,14
241400662,14
241400670,14
241400688,14
241400696,14
241400704,14
241400712,14
241400720,14
241400738,14
241400746,14
241400753,14
241400761,14
241400779,14
241400787,14
241400795,14
241400803,14
241400811,14
241400829,14
241400837,14
241400845,14
241400860,14
241400878,14
241400886,14
241400894,14
241400902,14
241400910,14
200006781,15
200043164,15
200043909,15
241500230,15
241500248,15
241500255,15
241500263,15
241500271,15
241500289,15
241500297,15
241500917,15
241501014,15
241501022,15
241501030,15
241501048,15
241501055,15
241501063,15
241501071,15
241501089,15
241501097,15
241501139,15
241900117,15
200012136,16
200029734,16
200042927,16
200043016,16
241600253,16
241600303,16
241600329,16
241600337,16
241600345,16
241600352,16
241600360,16
241600378,16
241600386,16
241600394,16
241600402,16
241600410,16
241600428,16
241600436,16
241600451,16
241600469,16
241600493,16
241600501,16
241600519,16
241600527,16
241600535,16
241600543,16
241600568,16
241600592,16
200036473,17
200041499,17
200041523,17
200041614,17
200041689,17
200041762,17
241700392,17
241700400,17
241700434,17
241700459,17
241700467,17
241700475,17
241700483,17
241700491,17
241700509,17
241700517,17
241700525,17
241700533,17
241700566,17
241700574,17
241700582,17
241700608,17
241700616,17
241700624,17
241700632,17
241700640,17
241700657,17
241700681,17
241700699,17
241700707,17
241773043,17
200000933,18
200007177,18
200011781,18
200017788,18
200017853,18
200017861,18
200017879,18
200022515,18
200027001,18
200027076,18
200032514,18
200033207,18
200035939,18
200036135,18
200049484,18
241800218,18
241800226,18
241800234,18
241800325,18
241800341,18
241800358,18
241800366,18
241800374,18
241800390,18
241800408,18
241800424,18
241800432,18
241800440,18
241800457,18
241800465,18
241800473,18
241800507,18
241800515,18
241800523,18
241800531,18
243600236,18
245804562,18
200018356,19
200018364,19
200043164,19
200043172,19
241900109,19
241900133,19
241927201,19
241927235,19
241927243,19
241927250,19
241927268,19
241927276,19
241927284,19
241927292,19
241927300,19
241927318,19
241927326,19
241927334,19
241927342,19
241927359,19
241927367,19
241927375,19
241927383,19
241927391,19
241927409,19
241927417,19
241927425,19
242309003,19
248700189,19
200000925,21
200006047,21
200006682,21
200017994,21
200018158,21
200039055,21
200039063,21
242100030,21
242100154,21
242100345,21
242100410,21
242100493,21
242100501,21
242100519,21
242101285,21
242101301,21
242101335,21
242101343,21
242101350,21
242101368,21
242101376,21
242101384,21
242101392,21
242101400,21
242101418,21
242101426,21
242101434,21
242101442,21
242101459,21
242101467,21
242101475,21
242101483,21
242101491,21
242101509,21
200035699,22
200035780,22
200040665,22
200042471,22
200043255,22
200048775,22
242200053,22
242200517,22
242200533,22
242200566,22
242200574,22
242200582,22
242200590,22
242200608,22
242200616,22
242200624,22
242200632,22
242200640,22
242200657,22
242200665,22
242200673,22
242200681,22
242200699,22
242200707,22
242200715,22
242200723,22
242200731,22
242200749,22
242200764,22
242200772,22
242200780,22
242200798,22
242200806,22
242200822,22
242200830,22
242200848,22
242200855,22
242214294,22
242214344,22
242214393,22
242214427,22
242214435,22
242214443,22
242214450,22
242900744,22
243500725,22
245614433,22
200034825,23
200041556,23
200044014,23
242300101,23
242300127,23
242300135,23
242303139,23
242309607,23
242313609,23
242320000,23
242320018,23
242320026,23
242320034,23
242320059,23
242320067,23
242320075,23
242320083,23
242320091,23
242320109,23
242320117,23
200006963,24
200027217,24
200034197,24
200034817,24
200034833,24
200040095,24
200040384,24
200040392,24
200040400,24
200040616,24
200040830,24
200040889,24
200041051,24
200041150,24
200041168,24
200041176,24
200041440,24
200041564,24
200041572,24
242400596,24
242400604,24
242400620,24
242400646,24
242400661,24
242400679,24
242400711,24
242400745,24
242400752,24
242400778,24
242400786,24
242400794,24
242400810,24
242400828,24
242400836,24
242400851,24
242400869,24
242400877,24
242400885,24
242400893,24
242400901,24
242400919,24
242400935,24
242400943,24
242400968,24
242400992,24
242401008,24
242401016,24
242401024,24
242401032,24
242401040,24
242401057,24
242401065,24
242401081,24
242401099,24
242401107,24
242401115,24
242401123,24
242401131,24
242401149,24
242401156,24
242401172,24
242401180,24
242401198,24
242401206,24
242401214,24
242401222,24
242401230,24
242401248,24
242401255,24
242401271,24
242401289,24
242401305,24
243301371,24
243301454,24
200019008,25
200023075,25
200035228,25
200038982,25
200041887,25
242500320,25
242500338,25
242500361,25
242500379,25
242500619,25
242500668,25
242503886,25
242504116,25
242504181,25
242504207,25
242504215,25
242504272,25
242504280,25
242504330,25
242504348,25
242504355,25
242504363,25
242504371,25
242504389,25
242504397,25
242504413,25
242504421,25
242504439,25
242504447,25
242504454,25
242504462,25
242504470,25
242504488,25
242504496,25
242504504,25
247000714,25
200022762,26
200022911,26
200025161,26
200035723,26
200040459,26
200040483,26
200040509,26
200040681,26
200042901,26
242600252,26
242600401,26
242600450,26
242600468,26
242600492,26
242600526,26
242600534,26
242600542,26
242600559,26
242600567,26
242600575,26
242600583,26
242600591,26
242600609,26
242600633,26
242600641,26
242600658,26
242600666,26
242600690,26
248400335,26
200006286,27
200035665,27
200040277,27
200041671,27
242700276,27
242700284,27
242700292,27
242700318,27
242700326,27
242700334,27
242700359,27
242700367,27
242700375,27
242700383,27
242700391,27
242700409,27
242700417,27
242700425,27
242700433,27
242700441,27
242700458,27
242700466,27
242700474,27
242700482,27
242700490,27
242700508,27
242700516,27
242700524,27
242700557,27
242700565,27
242700573,27
242700581,27
242700599,27
242700607,27
242700615,27
242700623,27
242700631,27
242700649,27
242700656,27
242852523,27
247600695,27
200006971,28
200026334,28
200033181,28
200058360,28
242800191,28
242800217,28
242800274,28
242800290,28
242852309,28
242852408,28
242852416,28
242852424,28
242852432,28
242852440,28
242852457,28
242852465,28
242852473,28
242852481,28
242852499,28
242852507,28
242852515,28
242852531,28
242852549,28
242852556,28
242852564,28
242852572,28
242852580,28
242852598,28
242852606,28
242852614,28
242852630,28
247800550,28
242900074,29
242900314,29
242900553,29
242900561,29
242900629,29
242900637,29
242900645,29
242900652,29
242900660,29
242900694,29
242900702,29
242900710,29
242900728,29
242900736,29
242900751,29
242900769,29
242900777,29
242900785,29
242900793,29
242900801,29
242900827,29
242900835,29
242913309,29
242913317,29
242913325,29
200038958,2A
200040764,2A
200040871,2A
200042596,2A
242000495,2A
242000503,2A
242010015,2A
242010023,2A
242010056,2A
242010072,2A
242010098,2A
242010130,2A
200000743,2B
200015162,2B
200033827,2B
200034205,2B
200035251,2B
200036051,2B
200036499,2B
200042422,2B
200042430,2B
200042919,2B
200042943,2B
200049419,2B
242000354,2B
242000479,2B
242000487,2B
242000537,2B
242020071,2B
242020097,2B
242020105,2B
242020113,2B
242020121,2B
242020139,2B
200022978,30
200034379,30
200034411,30
200034601,30
200034692,30
200035152,30
243000262,30
243000270,30
243000288,30
243000296,30
243000304,30
243000379,30
243000445,30
243000452,30
243000486,30
243000528,30
243000536,30
243000544,30
243000551,30
243000569,30
243000585,30
243000593,30
243000619,30
243000627,30
243000635,30
243000643,30
243000650,30
243000668,30
243000676,30
243000684,30
243000726,30
243000734,30
243000742,30
243000759,30
243000767,30
243000775,30
243000783,30
243000809,30
243400736,30
248400251,30
200000354,31
200000719,31
200001105,31
200009611,31
200017408,31
200023547,31
200023554,31
200023620,31
200026722,31
200034023,31
200034957,31
243100179,31
243100377,31
243100518,31
243100542,31
243100609,31
243100633,31
243100641,31
243100658,31
243100682,31
243100690,31
243100708,31
243100716,31
243100724,31
243100732,31
243100765,31
243100773,31
243100781,31
243100799,31
243100815,31
243100849,31
243100856,31
243100864,31
243100872,31
243100880,31
243100898,31
248100521,31
200018141,32
200023620,32
200030435,32
200034726,32
200035632,32
200035756,32
200042372,32
243200300,32
243200334,32
243200359,32
243200391,32
243200409,32
243200417,32
243200425,32
243200441,32
243200458,32
243200466,32
243200474,32
243200482,32
243200490,32
243200508,32
243200516,32
243200524,32
243200532,32
243200540,32
243200557,32
243200565,32
243200573,32
243200599,32
243200607,32
243200623,32
243200631,32
248200016,32
200000446,33
200023794,33
200027068,33
200033520,33
200035533,33
200043974,33
200043982,33
200044394,33
243300316,33
243300563,33
243300738,33
243300795,33
243300811,33
243300829,33
243300837,33
243300894,33
243301116,33
243301124,33
243301140,33
243301165,33
243301173,33
243301181,33
243301215,33
243301223,33
243301231,33
243301249,33
243301256,33
243301264,33
243301272,33
243301280,33
243301298,33
243301306,33
243301314,33
243301322,33
243301330,33
243301355,33
243301389,33
243301397,33
243301405,33
243301413,33
243301421,33
243301439,33
243301447,33
243301454,33
243301462,33
243301470,33
243301488,33
243301504,33
243301512,33
243301520,33
243301538,33
243301546,33
243301553,33
200000610,34
200017341,34
200022986,34
200033538,34
200042646,34
200042653,34
243400017,34
243400355,34
243400389,34
243400397,34
243400405,34
243400413,34
243400454,34
243400470,34
243400488,34
243400512,34
243400520,34
243400538,34
243400546,34
243400553,34
243400561,34
243400603,34
243400611,34
243400629,34
243400637,34
243400678,34
243400686,34
243400694,34
243400710,34
243400728,34
243400751,34
243400769,34
243400777,34
243400793,34
243400819,34
243400827,34
200038990,35
200039022,35
200043990,35
243500139,35
243500147,35
243500485,35
243500493,35
243500501,35
243500535,35
243500543,35
243500550,35
243500568,35
243500576,35
243500584,35
243500592,35
243500600,35
243500618,35
243500626,35
243500634,35
243500642,35
243500659,35
243500667,35
243500675,35
243500683,35
243500691,35
243500709,35
243500733,35
243500741,35
243500774,35
243500782,35
243500808,35
200001006,36
200007052,36
200017978,36
200018521,36
200035137,36
200035848,36
200040558,36
243600202,36
243600210,36
243600228,36
243600244,36
243600269,36
243600285,36
243600293,36
243600301,36
243600319,36
243600327,36
243600343,36
243600350,36
243600368,36
200043065,37
200043081,37
243700176,37
243700184,37
243700390,37
243700432,37
243700465,37
243700499,37
243700663,37
243700697,37
243700713,37
243700747,37
243700754,37
243700762,37
243700770,37
243700788,37
243700796,37
243700804,37
243700812,37
243700820,37
243700861,37
243700879,37
243700887,37
243700895,37
243700911,37
243700929,37
200012037,38
200018166,38
200030617,38
200030658,38
200035269,38
200040111,38
200040657,38
200040715,38
200040723,38
200041028,38
200059392,38
243800075,38
243800083,38
243800091,38
243800372,38
243800455,38
243800497,38
243800604,38
243800612,38
243800745,38
243800778,38
243800844,38
243800877,38
243800893,38
243800901,38
243800927,38
243800935,38
243800943,38
243800950,38
243800968,38
243800976,38
243800984,38
243800992,38
243801008,38
243801016,38
243801024,38
243801057,38
243801065,38
243801073,38
243801099,38
243801123,38
243801131,38
243801149,38
243801198,38
243801206,38
243801214,38
243801222,38
243801248,38
243801255,38
243801263,38
243801297,38
247300510,38
200006872,39
200010650,39
200012060,39
200026482,39
200026573,39
243900305,39
243900339,39
243900347,39
243900354,39
243900388,39
243900396,39
243900412,39
243900420,39
243900461,39
243900479,39
243900560,39
243900610,39
243900669,39
243900719,39
243900768,39
243900818,39
243900917,39
243900974,39
243900990,39
243901014,39
243901048,39
243901055,39
243901071,39
243901089,39
243901105,39
243901113,39
200035541,40
244000543,40
244000576,40
244000592,40
244000642,40
244000659,40
244000667,40
244000675,40
244000691,40
244000709,40
244000717,40
244000741,40
244000758,40
244000766,40
244000774,40
244000782,40
244000790,40
244000808,40
244000816,40
244000824,40
244000832,40
244000840,40
244000857,40
244000865,40
244000873,40
244000881,40
200000800,41
200001519,41
200005577,41
200006989,41
200018406,41
200030385,41
200040772,41
200040780,41
200040863,41
200055481,41
244100251,41
244100269,41
244100293,41
244100301,41
244100632,41
244100665,41
244100673,41
244100681,41
244100699,41
244100707,41
244100715,41
244100723,41
244100731,41
244100756,41
244100764,41
244100772,41
244100780,41
244100798,41
244100806,41
200035202,42
200035731,42
244200341,42
244200598,42
244200606,42
244200614,42
244200622,42
244200630,42
244200648,42
244200655,42
244200663,42
244200671,42
244200713,42
244200721,42
244200739,42
244200762,42
244200770,42
244200796,42
244200812,42
244200820,42
244200838,42
244200846,42
244200853,42
244200895,42
244300018,43
244300208,43
244300216,43
244300224,43
244300232,43
244300240,43
244300265,43
244300299,43
244300307,43
244300315,43
244301016,43
244301032,43
244301057,43
244301065,43
244301073,43
244301099,43
244301107,43
244301115,43
244301123,43
244301131,43
244301149,43
200000438,44
244400404,44
244400420,44
244400438,44
244400446,44
244400453,44
244400487,44
244400495,44
244400503,44
244400511,44
244400529,44
244400537,44
244400545,44
244400552,44
244400578,44
244400586,44
244400610,44
244400644,44
244400651,44
244400677,44
244400693,44
244400701,44
200005932,45
200018323,45
200022994,45
200023562,45
200030229,45
200030559,45
200034841,45
200035764,45
244500195,45
244500203,45
244500211,45
244500278,45
244500393,45
244500401,45
244500419,45
244500427,45
244500443,45
244500450,45
244500468,45
244500476,45
244500484,45
244500518,45
244500526,45
244500534,45
244500542,45
244500559,45
244500567,45
244500583,45
200023737,46
200035327,46
200039519,46
200047348,46
244600326,46
244600334,46
244600359,46
244600367,46
244600375,46
244600383,46
244600409,46
244600417,46
244600425,46
244600433,46
244600441,46
244600458,46
244600474,46
244600482,46
244600490,46
244600508,46
244600516,46
244600524,46
244600532,46
244600540,46
244600557,46
244600573,46
244600581,46
200023307,47
200027399,47
200030674,47
200035459,47
200036523,47
200036572,47
244700209,47
244700431,47
244700449,47
244700464,47
244700472,47
244700498,47
244700506,47
244700514,47
244700522,47
244700530,47
244701355,47
244701363,47
244701371,47
244701389,47
244701397,47
244701405,47
244701421,47
244701439,47
244701447,47
244701454,47
244701462,47
244701470,47
244701488,47
244701496,47
244701512,47
200001170,48
200006765,48
200006930,48
200011286,48
200018315,48
200047710,48
244800066,48
244800322,48
244800330,48
244800348,48
244800355,48
244800363,48
244800371,48
244800389,48
244800397,48
244800405,48
244800413,48
244800421,48
244800439,48
244800447,48
244800454,48
244800470,48
244800488,48
244800496,48
244800504,48
200006880,49
200060010,49
244900015,49
244900361,49
244900577,49
244900585,49
244900593,49
244900643,49
244900668,49
244900692,49
244900700,49
244900726,49
244900734,49
244900742,49
244900759,49
244900767,49
244900775,49
244900783,49
244900791,49
244900809,49
244900833,49
244900841,49
244900858,49
244900866,49
244900882,49
244900924,49
244900940,49
244900973,49
244900981,49
244900999,49
244901013,49
200036655,50
200036721,50
200042604,50
200042695,50
200042711,50
200042729,50
200042984,50
200043354,50
200043370,50
245000237,50
245000245,50
245000252,50
245000260,50
245000278,50
245000294,50
245000302,50
245000328,50
245000336,50
245000344,50
245000351,50
245000369,50
245000377,50
245000385,50
245000393,50
245000401,50
245000427,50
245000435,50
245000443,50
245000450,50
245000468,50
245000476,50
245000484,50
245000492,50
245000500,50
245000526,50
245000534,50
245000542,50
245000559,50
245000567,50
245000575,50
245000583,50
245000591,50
245000609,50
245000617,50
245000633,50
245000641,50
245000666,50
245000674,50
245000682,50
245000690,50
245000716,50
245000724,50
245000740,50
245000765,50
245000773,50
245000781,50
245000807,50
200030823,51
200033686,51
200034718,51
200040269,51
200042620,51
200042703,51
200042794,51
200042976,51
200042992,51
200043008,51
200043388,51
200043420,51
200043438,51
200044170,51
245100011,51
245100029,51
245100037,51
245100045,51
245100052,51
245100060,51
245100508,51
245100516,51
245100524,51
245100532,51
245100540,51
245100565,51
245100581,51
245100607,51
245100615,51
245100623,51
245100631,51
245100649,51
245100656,51
245100664,51
245100672,51
245100680,51
245100698,51
245100706,51
245100714,51
245100722,51
245100730,51
245100748,51
245100755,51
245100763,51
245100789,51
245100797,51
245100805,51
245100813,51
245100821,51
245100839,51
245100847,51
245100854,51
245100862,51
245100870,51
245100888,51
245100904,51
245100912,51
245100920,51
245100938,51
245100946,51
245100953,51
245100961,51
245100979,51
245100995,51
245101001,51
245101019,51
245101027,51
245101035,51
245101043,51
245101050,51
245101068,51
245200530,51
200017267,52
200027308,52
200034684,52
200035954,52
200036358,52
200036366,52
200044253,52
245200217,52
245200290,52
245200316,52
245200324,52
245200332,52
245200357,52
245200365,52
245200373,52
245200381,52
245200399,52
245200407,52
245200415,52
245200423,52
245200449,52
245200456,52
245200464,52
245200480,52
245200506,52
245200514,52
245200522,52
245200548,52
245200555,52
245200563,52
245200597,52
245200605,52
245200613,52
200033298,53
200042182,53
200048551,53
200055887,53
245300223,53
245300298,53
245300306,53
245300314,53
245300322,53
245300330,53
245300348,53
245300355,53
245300363,53
245300371,53
245300389,53
245300397,53
245300405,53
245300421,53
245300439,53
245300447,53
245300454,53
247200090,53
200007003,54
200023323,54
200026177,54
200035772,54
200035806,54
200041515,54
200042331,54
200042349,54
200043693,54
245400163,54
245400171,54
245400189,54
245400213,54
245400262,54
245400379,54
245400437,54
245400478,54
245400510,54
245400593,54
245400601,54
245400635,54
245400676,54
245400700,54
245400718,54
245400726,54
245400734,54
245400742,54
245400759,54
245400767,54
245400775,54
245400783,54
245400791,54
245400809,54
245400817,54
245400825,54
245400833,54
245400841,54
245400858,54
245400866,54
245400890,54
245400908,54
245400916,54
245400924,54
245400932,54
245400940,54
245400957,54
245400965,54
245701404,54
248800450,54
200033025,55
200034874,55
200049187,55
245500061,55
245500327,55
245500459,55
245500806,55
245501101,55
245501168,55
245501176,55
245501184,55
245501192,55
245501218,55
245501226,55
245501234,55
245501242,55
245501259,55
245501267,55
245501309,55
245501317,55
245501325,55
245501341,55
245501366,55
245501374,55
245501390,55
245501408,55
245501432,55
245501457,55
245501465,55
245501481,55
200000537,56
200017770,56
200027027,56
200042174,56
200043123,56
245600143,56
245600150,56
245600341,56
245600366,56
245600416,56
245600424,56
245600432,56
245600440,56
245600457,56
245600465,56
245600473,56
245600515,56
245614292,56
245614342,56
245614359,56
245614367,56
245614375,56
245614383,56
245614391,56
245614409,56
245614417,56
245614425,56
245614433,56
245614441,56
245614458,56
200000164,57
200011625,57
200023026,57
200039865,57
200039907,57
200039949,57
200039956,57
245700133,57
245700216,57
245700240,57
245700372,57
245700398,57
245700497,57
245700695,57
245700802,57
245700810,57
245700869,57
245700919,57
245700935,57
245700943,57
245700950,57
245701149,57
245701164,57
245701172,57
245701180,57
245701198,57
245701206,57
245701222,57
245701230,57
245701248,57
245701271,57
245701289,57
245701297,57
245701305,57
245701321,57
245701339,57
245701347,57
245701354,57
245701362,57
245701370,57
245701388,57
245701396,57
245701412,57
245701420,57
200000388,58
200023257,58
200035566,58
200039725,58
200059517,58
245801014,58
245801063,58
245801113,58
245804372,58
245804380,58
245804406,58
245804414,58
245804422,58
245804430,58
245804448,58
245804455,58
245804463,58
245804471,58
245804489,58
245804497,58
245804505,58
245804513,58
245804521,58
245804539,58
245804547,58
245804554,58
245804562,58
245804570,58
245804588,58
245804596,58
245804612,58
245804620,58
248900805,58
200004653,59
200023539,59
200030609,59
200030633,59
200035921,59
200040947,59
200040954,59
200041960,59
200042190,59
200043263,59
200043321,59
200043396,59
200043404,59
200044022,59
200044618,59
245900170,59
245900410,59
245900428,59
245900634,59
245900642,59
245900667,59
245900675,59
245900683,59
245900691,59
245900717,59
245900725,59
245900733,59
245900741,59
245900758,59
245900782,59
245900808,59
245900816,59
245900824,59
245900840,59
245900857,59
245900881,59
245900899,59
245900907,59
245900915,59
245900923,59
245900931,59
245900949,59
245900956,59
245900964,59
245900980,59
245900998,59
245901004,59
245901020,59
245901038,59
245901061,59
245901087,59
245901103,59
245901111,59
245901145,59
245901152,59
245901160,59
245901178,59
245901194,59
245901202,59
245901210,59
245901228,59
245901236,59
245901269,59
200023695,60
200023703,60
246000111,60
246000129,60
246000376,60
246000566,60
246000582,60
246000608,60
246000699,60
246000707,60
246000749,60
246000756,60
246000764,60
246000772,60
246000830,60
246000848,60
246000855,60
246000863,60
246000871,60
246000897,60
246000913,60
246000921,60
246000939,60
246000947,60
246001010,60
246001036,60
246001143,60
246001150,60
200034676,61
200035103,61
200035111,61
200035814,61
200035988,61
200035996,61
200036002,61
200036069,61
200036168,61
200042513,61
246100317,61
246100325,61
246100333,61
246100341,61
246100358,61
246100366,61
246100374,61
246100382,61
246100390,61
246100408,61
246100432,61
246100440,61
246100465,61
246100473,61
246100481,61
246100499,61
246100507,61
246100515,61
246100531,61
246100549,61
246100564,61
246100572,61
246100580,61
246100598,61
246100606,61
246100614,61
246100622,61
246100630,61
246100648,61
246100655,61
246100663,61
246100671,61
246100689,61
246100697,61
246100705,61
246100713,61
246100739,61
246100747,61
246100762,61
246100770,61
246100788,61
247200587,61
200012003,62
200018083,62
200033579,62
200035426,62
200035434,62
200035442,62
200044030,62
200044048,62
200044055,62
246200018,62
246200117,62
246200141,62
246200299,62
246200307,62
246200364,62
246200380,62
246200406,62
246200455,62
246200471,62
246200729,62
246200737,62
246200745,62
246200760,62
246200778,62
246200786,62
246200802,62
246200844,62
246200851,62
246200869,62
246200877,62
246200885,62
246200893,62
246200919,62
246200927,62
246200935,62
246200943,62
246200950,62
246200976,62
246200984,62
246200992,62
246201016,62
246201032,62
246201057,62
246201065,62
246201073,62
246201099,62
246201115,62
246201123,62
246201131,62
246201149,62
246201156,62
246201164,62
200023331,63
200023489,63
200035020,63
200035178,63
246300594,63
246300651,63
246300669,63
246300677,63
246300685,63
246300693,63
246300701,63
246300735,63
246300776,63
246300784,63
246300800,63
246300818,63
246300834,63
246300842,63
246300883,63
246300909,63
246300917,63
246300925,63
246300933,63
246300941,63
246300958,63
246300966,63
246300974,63
246300982,63
246300990,63
246301006,63
246301014,63
246301022,63
246301030,63
246301048,63
246301055,63
246301063,63
246301071,63
246301097,63
246301105,63
246301113,63
246301121,63
246301139,63
246301154,63
246301162,63
246301170,63
246301188,63
200000990,64
200007128,64
200026342,64
200036614,64
200039204,64
200040061,64
246400014,64
246400022,64
246400030,64
246400337,64
246400410,64
246401459,64
246401517,64
246401525,64
246401533,64
246401541,64
246401574,64
246401582,64
246401590,64
246401616,64
246401624,64
246401632,64
246401640,64
246401657,64
246401665,64
246401673,64
246401681,64
246401699,64
246401707,64
246401715,64
246401723,64
246401756,64
246401764,64
246401798,64
246401814,64
246401822,64
246401855,64
246401863,64
246500375,64
200005130,65
200007425,65
200007433,65
200011799,65
200018067,65
200018497,65
200036382,65
200036457,65
200039196,65
200041200,65
200041218,65
200041226,65
200041267,65
246500052,65
246500201,65
246500359,65
246500417,65
246500433,65
246500466,65
246500474,65
246500482,65
246500490,65
246500508,65
246500516,65
246500540,65
246500565,65
246500573,65
246500581,65
246500599,65
246500607,65
246500631,65
246500656,65
246500664,65
246500672,65
246500706,65
246500714,65
246500763,65
246500771,65
246500789,65
246500797,65
246500805,65
246500821,65
246500839,65
256500612,65
200007045,66
200017275,66
200027183,66
200043602,66
200049211,66
246600282,66
246600324,66
246600373,66
246600381,66
246600399,66
246600407,66
246600415,66
246600423,66
246600431,66
246600449,66
246600456,66
246600464,66
246600522,66
246600548,66
200012227,67
200013050,67
200030526,67
200030583,67
200034270,67
200034288,67
200034635,67
200040178,67
200041283,67
200041325,67
246700306,67
246700488,67
246700587,67
246700694,67
246700702,67
246700710,67
246700736,67
246700744,67
246700751,67
246700769,67
246700777,67
246700793,67
246700819,67
246700827,67
246700835,67
246700843,67
246700884,67
246700892,67
246700918,67
246700926,67
246700942,67
246700959,67
246700967,67
246700975,67
246700983,67
246701015,67
246701031,67
246701049,67
246701056,67
246701064,67
246701072,67
246701080,67
246701098,67
246701114,67
246701130,67
246701163,67
246701189,67
246701197,67
246701205,67
246701213,67
246701221,67
246701239,67
246701247,67
200023281,68
200036465,68
246800015,68
246800098,68
246800189,68
246800197,68
246800205,68
246800247,68
246800361,68
246800395,68
246800411,68
246800429,68
246800437,68
246800445,68
246800452,68
246800460,68
246800486,68
246800494,68
246800544,68
246800551,68
246800569,68
246800577,68
246800585,68
246800593,68
246800601,68
246800619,68
246800635,68
246800643,68
246800650,68
246800676,68
246800684,68
246800700,68
246800726,68
200040541,69
200040566,69
200040574,69
200046977,69
246900229,69
246900245,69
246900575,69
246900583,69
246900591,69
246900609,69
246900617,69
246900625,69
246900633,69
246900641,69
246900658,69
246900674,69
246900682,69
246900690,69
246900708,69
246900724,69
246900732,69
246900740,69
246900757,69
246900765,69
246900773,69
246900781,69
246900807,69
200036150,70
200036549,70
200041721,70
200041853,70
200041861,70
200041879,70
247000011,70
247000029,70
247000227,70
247000318,70
247000367,70
247000417,70
247000466,70
247000516,70
247000623,70
247000649,70
247000656,70
247000664,70
247000680,70
247000698,70
247000706,70
247000722,70
247000730,70
247000748,70
247000755,70
247000763,70
247000771,70
247000789,70
247000797,70
247000805,70
247000813,70
247000821,70
247000839,70
247000847,70
247000854,70
200012144,71
200023406,71
200030518,71
200040038,71
200040053,71
200040285,71
200040293,71
200040319,71
200040327,71
200042380,71
200042406,71
200042414,71
247100290,71
247100480,71
247100498,71
247100506,71
247100571,71
247100589,71
247100605,71
247100639,71
247100647,71
247100654,71
247100662,71
247100670,71
247100688,71
247100696,71
247100720,71
247100746,71
247100761,71
247100860,71
247103765,71
247103815,71
247103864,71
247103914,71
247103922,71
247103948,71
247103971,71
247103989,71
247104003,71
247104011,71
247104029,71
247104052,71
247104060,71
247104086,71
247104094,71
247104102,71
247104136,71
247104144,71
247104151,71
247104169,71
247104177,71
200040475,72
247200132,72
247200157,72
247200348,72
247200397,72
247200405,72
247200413,72
247200421,72
247200447,72
247200462,72
247200470,72
247200496,72
247200504,72
247200512,72
247200520,72
247200538,72
247200546,72
247200553,72
247200561,72
247200579,72
247200595,72
247200603,72
247200629,72
247200637,72
247200645,72
247200652,72
247200678,72
247200686,72
247200694,72
247200702,72
247200728,72
247200736,72
200000842,73
200023299,73
200024487,73
200040798,73
200041010,73
247300015,73
247300049,73
247300098,73
247300148,73
247300254,73
247300262,73
247300338,73
247300346,73
247300353,73
247300361,73
247300452,73
247300528,73
247300569,73
247300593,73
247300601,73
247300668,73
247300676,73
247300718,73
247300759,73
247300767,73
247300775,73
247300783,73
247300791,73
247300817,73
247300825,73
200000172,74
200011773,74
200023372,74
200033116,74
200034098,74
200034882,74
200036325,74
247400047,74
247400070,74
247400112,74
247400427,74
247400567,74
247400575,74
247400583,74
247400617,74
247400658,74
247400666,74
247400682,74
247400690,74
247400724,74
247400732,74
247400740,74
247400773,74
247400781,74
247400831,74
247400849,74
247400856,74
247400864,74
200054781,75
200010700,76
200023414,76
247600042,76
247600216,76
247600331,76
247600380,76
247600398,76
247600448,76
247600455,76
247600463,76
247600471,76
247600497,76
247600505,76
247600513,76
247600521,76
247600539,76
247600562,76
247600570,76
247600588,76
247600596,76
247600604,76
247600620,76
247600638,76
247600646,76
247600653,76
247600661,76
247600679,76
247600687,76
247600703,76
247600711,76
247600729,76
247600737,76
247600745,76
247600760,76
247600778,76
247600786,76
247600794,76
247600802,76
247600810,76
200022523,77
200023125,77
200023240,77
200023919,77
200027225,77
200027274,77
200030104,77
200030500,77
200033090,77
200035590,77
200035749,77
200037133,77
200040251,77
200055655,77
200057958,77
200059228,77
247700024,77
247700032,77
247700040,77
247700057,77
247700065,77
247700073,77
247700081,77
247700099,77
247700107,77
247700115,77
247700123,77
247700305,77
247700339,77
247700362,77
247700370,77
247700404,77
247700438,77
247700446,77
247700453,77
247700479,77
247700487,77
247700495,77
247700529,77
247700537,77
247700545,77
247700578,77
247700586,77
247700594,77
247700602,77
247700610,77
247700628,77
247700644,77
247700651,77
247700669,77
247700677,77
247700685,77
247700693,77
247700701,77
247700719,77
200000321,78
200000339,78
200000487,78
200023356,78
200033173,78
200033199,78
200033215,78
200034130,78
200040046,78
200040673,78
200044550,78
200044733,78
200058519,78
200058782,78
200059889,78
247800014,78
247800451,78
247800527,78
247800584,78
247800592,78
247800600,78
247800618,78
247800626,78
247800634,78
247800642,78
247800659,78
249500109,78
200022812,79
200040244,79
200041317,79
200041333,79
200041416,79
200041994,79
200042323,79
247900400,79
247900418,79
247900426,79
247900442,79
247900475,79
247900483,79
247900509,79
247900517,79
247900558,79
247900590,79
247900608,79
247900616,79
247900624,79
247900657,79
247900665,79
247900673,79
247900681,79
247900707,79
247900715,79
247900731,79
247900749,79
247900756,79
247900772,79
247900798,79
247900806,79
247900830,79
200011997,80
200030716,80
200037059,80
248000341,80
248000358,80
248000416,80
248000432,80
248000457,80
248000465,80
248000473,80
248000481,80
248000499,80
248000507,80
248000523,80
248000531,80
248000549,80
248000556,80
248000572,80
248000580,80
248000614,80
248000622,80
248000630,80
248000648,80
248000663,80
248000689,80
248000697,80
248000705,80
248000721,80
248000739,80
248000747,80
248000762,80
200034031,81
200034049,81
200034056,81
200034064,81
200040905,81
200041291,81
248100042,81
248100075,81
248100158,81
248100380,81
248100406,81
248100414,81
248100422,81
248100430,81
248100448,81
248100455,81
248100463,81
248100471,81
248100489,81
248100497,81
248100562,81
248100638,81
248100646,81
248100653,81
248100661,81
248100679,81
248100695,81
248100703,81
248100711,81
248100737,81
248100745,81
248200107,81
200006427,82
200006435,82
200040418,82
248200016,82
248200040,82
248200057,82
248200065,82
248200099,82
248200107,82
248200115,82
248200131,82
248200149,82
248200164,82
248200172,82
248200180,82
248200198,82
248200206,82
000000009,83
000000010,83
200004802,83
200022853,83
200027100,83
200035319,83
200036077,83
200040202,83
200040210,83
248300097,83
248300394,83
248300410,83
248300493,83
248300501,83
248300519,83
248300527,83
248300535,83
248300543,83
248300550,83
248300584,83
248300600,83
200000628,84
200040442,84
248400053,84
248400145,84
248400160,84
248400178,84
248400186,84
248400194,84
248400202,84
248400228,84
248400236,84
248400244,84
248400285,84
248400293,84
248400301,84
248400319,84
248400327,84
248400335,84
200023778,85
248500035,85
248500092,85
248500191,85
248500233,85
248500258,85
248500340,85
248500415,85
248500456,85
248500464,85
248500472,85
248500480,85
248500506,85
248500514,85
248500530,85
248500548,85
248500555,85
248500563,85
248500571,85
248500589,85
248500597,85
248500605,85
248500621,85
248500639,85
248500647,85
248500662,85
248500670,85
248500688,85
248500704,85
248500712,85
248500720,85
200034924,86
200043610,86
200043628,86
200043636,86
248600116,86
248600157,86
248600371,86
248600389,86
248600397,86
248600405,86
248600413,86
248600421,86
248600439,86
248600447,86
248600454,86
248600504,86
248600512,86
248600520,86
248600538,86
248600546,86
248600553,86
248600561,86
248600579,86
248600587,86
248600595,86
248600603,86
200040194,87
200040814,87
200059400,87
248700130,87
248700148,87
248700155,87
248700163,87
248700197,87
248700205,87
248710600,87
248714602,87
248719213,87
248719239,87
248719254,87
248719262,87
248719288,87
248719296,87
248719304,87
248719312,87
248719320,87
248719338,87
248719346,87
248719353,87
248719361,87
248719379,87
200000420,88
200005957,88
200006237,88
200006245,88
200006393,88
200033868,88
200034361,88
200042000,88
200042109,88
200042117,88
200042125,88
200042133,88
200042141,88
248800013,88
248800336,88
248800351,88
248800369,88
248800377,88
248800393,88
248800401,88
248800419,88
248800435,88
248800443,88
248800468,88
248800476,88
248800492,88
248800500,88
248800518,88
248800526,88
248800534,88
248800542,88
248800559,88
248800575,88
248800583,88
248800591,88
248800609,88
248800617,88
248800625,88
248800633,88
248800641,88
248800658,88
248800666,88
248800674,88
248800682,88
248800690,88
248800708,88
248800716,88
248800724,88
248800732,88
248800740,88
200018299,89
200034353,89
200039576,89
200039626,89
200039634,89
200039642,89
200039709,89
200039733,89
200039758,89
248900334,89
248900383,89
248900490,89
248900516,89
248900524,89
248900532,89
248900565,89
248900573,89
248900664,89
248900722,89
248900730,89
248900748,89
248900755,89
248900771,89
248900789,89
248900797,89
248900813,89
248900847,89
248900854,89
248900862,89
248900870,89
248900888,89
248900896,89
248900904,89
248900912,89
248900920,89
248900938,89
248900953,89
200040087,90
249000019,90
249000118,90
249000217,90
249000233,90
249000241,90
249000258,90
200006922,91
200017846,91
200033371,91
200056232,91
200057859,91
200058477,91
249100074,91
249100157,91
249100348,91
249100355,91
249100405,91
249100470,91
249100496,91
249100504,91
249100512,91
249100520,91
249100538,91
249100546,91
249100553,91
249100561,91
249100579,91
249100587,91
249100595,91
249200015,91
249400102,91
200018059,92
200023356,92
200026979,92
249200023,92
249200031,92
249200049,92
249200056,92
249200072,92
200006385,93
200023430,93
200023448,93
249300070,93
249300088,93
200033413,94
249400060,94
249400078,94
249400086,94
249400094,94
249400110,94
200000776,95
200035970,95
200036093,95
200056380,95
200058485,95
249500109,95
249500323,95
249500372,95
249500380,95
249500398,95
249500406,95
249500414,95
249500422,95
249500430,95
249500448,95
249500455,95
249500471,95
249500489,95
249500497,95
249500505,95
249500513,95
249500521,95
200000004,101
200018653,101
200041507,101
200044691,101
249710047,101
249710054,101
249710062,101
249710070,101
200041788,102
249720046,102
249720053,102
249720061,102
200027548,103
249730037,103
249730045,103
249730052,103
249740077,104
249740085,104
249740093,104
249740101,104
249740119,104
200050532,106
200059871,106
200060457,106
200060465,106
200060473,106
