réductions de bases accordées sur délibérations de la taxe foncière sur les propriétés non bâties,contributions obligatoires et participations,taux voté de la taxe foncière sur les propriétés bâties,subventions et contingents,besoin de financement de la section d'investissement,aides à la personne,total des produits de fonctionnement = a,produits des impôts locaux de la taxe professionnelle,réductions de bases accordées sur délibérations de la taxe foncière sur les propriétés bâties,produits des impôts locaux de la taxe foncière sur les propriétés bâties,bases nettes imposées de la taxe foncière sur les propriétés non bâties,subventions d'investissements reçues,produits des impôts locaux de la impositions forfaitaires sur les entreprises de réseau,résultat comptable = a - b,solde des opérations pour compte de tiers,réductions de bases accordées sur délibérations de la taxe professionnelle,subventions d'équipement versées,taux voté de la taxe professionnelle,population,nom,produits de fonctionnement réels,réductions de bases accordées sur délibérations de la cotisation sur la valeur ajoutée des entreprises,produits des impôts locaux de la cotisation sur la valeur ajoutée des entreprises,code officiel géographique (insee),impôts directs,type de zone administrative,fiscalité reversée,produits des impôts locaux de la taxe foncière sur les propriétés non bâties,dépenses d'investissement directes,charge de personnel (montant net),total des ressources d'investissement = c,charges financières,subventions,année,fctva,total des charges de fonctionnement = b,remboursement en capital des emprunts,produits des cessions d'immobilisations,achats et charges externes (montant net),besoin de financement résiduel = d-c,dotation d'apprentissage et de formation professionnelle,encours des dettes bancaires et assimilées,résultat d'ensemble,bases nettes imposées de la taxe professionnelle,bases nettes imposées de la taxe foncière sur les propriétés bâties,tipp,charges de fonctionnement réelles,autres impôts et taxes,dotation globale de fonctionnement,emprunts souscrits,attributions de péréquation et de compensation,total des emplois d'investissement budgétaires = d,taux voté de la taxe foncière sur les propriétés non bâties,url,annuité de la dette
,14718000.0,0.039,74618000.0,40719000.0,14074000.0,250892000.0,9173000.0,,9939000.0,0.0,36258000.0,,65942000.0,0.0,,50193000.0,0.025,422496,REGION GUADELOUPE,248222000.0,,,101,18103000.0,region,0.0,0.0,101828000.0,31673000.0,145675000.0,8743000.0,42098000.0,2008,5627000.0,184950000.0,24790000.0,0.0,30456000.0,40719000.0,21549000.0,169162000.0,25223000.0,366792000.0,254854000.0,0.0,0.0,170114000.0,14553000.0,0.0,458000.0,186394000.0,0.0,http://alize2.finances.gouv.fr/regions/detail.php?reg=101&exercice=2008,33527000.0
,51185000.0,0.0388,100206000.0,13536000.0,13084000.0,228849000.0,8295000.0,,10285000.0,1362000.0,38435000.0,,71292000.0,0.0,,57655000.0,0.0194,381427,REGION MARTINIQUE,228849000.0,,,103,18917000.0,region,0.0,51000.0,77616000.0,26543000.0,123191000.0,369000.0,34045000.0,2008,10495000.0,157558000.0,0.0,0.0,28822000.0,13536000.0,16753000.0,37000.0,57756000.0,427534000.0,265088000.0,0.0,0.0,148561000.0,20208000.0,0.0,596000.0,136727000.0,0.0371,http://alize2.finances.gouv.fr/regions/detail.php?reg=103&exercice=2008,0.0
,16477000.0,0.0419,32962000.0,-10763000.0,441000.0,94866000.0,4508000.0,,3376000.0,1590000.0,15563000.0,,35359000.0,2500000.0,,26614000.0,0.0229,157213,REGION GUYANE,94866000.0,,,102,7930000.0,region,0.0,51000.0,21792000.0,13693000.0,68358000.0,3664000.0,14779000.0,2008,5038000.0,59507000.0,5886000.0,0.0,9184000.0,-13263000.0,8303000.0,86851000.0,46122000.0,196835000.0,80586000.0,0.0,0.0,56884000.0,4189000.0,10000000.0,130000.0,55095000.0,0.0319,http://alize2.finances.gouv.fr/regions/detail.php?reg=102&exercice=2008,9550000.0
,22815000.0,0.0266,145274000.0,1874000.0,24492000.0,422848000.0,16103000.0,,12665000.0,3501000.0,73827000.0,,188265000.0,351000.0,,50313000.0,0.023,706300,REGION REUNION,408413000.0,,,104,28717000.0,region,0.0,31000.0,389486000.0,31356000.0,481810000.0,13130000.0,94634000.0,2008,58838000.0,234583000.0,23493000.0,16000.0,25785000.0,1524000.0,37539000.0,487680000.0,186391000.0,699983000.0,476135000.0,0.0,0.0,254848000.0,26055000.0,0.0,2135000.0,483333000.0,0.0,http://alize2.finances.gouv.fr/regions/detail.php?reg=104&exercice=2008,36440000.0
,751353000.0,0.0127,1706797000.0,407980000.0,86147000.0,3366551000.0,407641000.0,,253688000.0,41914000.0,243896000.0,,746242000.0,-5226000.0,,1004462000.0,0.0172,10952011,REGION ILE-DE-FRANCE,3283122000.0,,,11,623841000.0,region,0.0,910000.0,674684000.0,299710000.0,2789118000.0,139103000.0,856313000.0,2008,86077000.0,2620309000.0,598589000.0,48000.0,192903000.0,413206000.0,302640000.0,2754095000.0,338263000.0,23699597000.0,19975420000.0,876675000.0,0.0,1510378000.0,719797000.0,952528000.0,15307000.0,3202323000.0,0.022,http://alize2.finances.gouv.fr/regions/detail.php?reg=011&exercice=2008,708078000.0
,168270000.0,0.0363,265720000.0,-21583000.0,17590000.0,505746000.0,68867000.0,,39090000.0,4342000.0,23740000.0,,113816000.0,3285000.0,,72778000.0,0.0262,1342363,REGION CHAMPAGNE-ARDENNE,475184000.0,,,21,102209000.0,region,0.0,205000.0,51191000.0,52116000.0,330894000.0,15482000.0,76471000.0,2008,4471000.0,391930000.0,84846000.0,55000.0,27500000.0,-24867000.0,52565000.0,367575000.0,135398000.0,2628469000.0,1076838000.0,83598000.0,0.0,136214000.0,128635000.0,36400000.0,5973000.0,306027000.0,0.0472,http://alize2.finances.gouv.fr/regions/detail.php?reg=021&exercice=2008,97765000.0
,224102000.0,0.0426,468419000.0,2419000.0,66203000.0,744002000.0,101901000.0,,60946000.0,5079000.0,57191000.0,,89269000.0,-1377000.0,,194765000.0,0.031,1857481,REGION PICARDIE,706751000.0,,,22,153751000.0,region,0.0,360000.0,91251000.0,83008000.0,445079000.0,11769000.0,174583000.0,2008,21708000.0,654733000.0,16762000.0,15000.0,49756000.0,3797000.0,65475000.0,334164000.0,86850000.0,3287123000.0,1430724000.0,109442000.0,0.0,194994000.0,217505000.0,120000000.0,12015000.0,448876000.0,0.0711,http://alize2.finances.gouv.fr/regions/detail.php?reg=022&exercice=2008,27015000.0
,203836000.0,0.0442,294726000.0,23590000.0,32861000.0,689455000.0,122681000.0,,68363000.0,5065000.0,21294000.0,,191186000.0,3820000.0,,258851000.0,0.0261,1780192,REGION HAUTE-NORMANDIE,662840000.0,,,23,189203000.0,region,0.0,467000.0,101941000.0,88154000.0,429626000.0,5243000.0,55204000.0,2008,16675000.0,498269000.0,23572000.0,4275000.0,59563000.0,19770000.0,79100000.0,157452000.0,167596000.0,4700325000.0,1546619000.0,113337000.0,0.0,203307000.0,147805000.0,103090000.0,5217000.0,449396000.0,0.092,http://alize2.finances.gouv.fr/regions/detail.php?reg=023&exercice=2008,26887000.0
,92086000.0,0.0529,255952000.0,11109000.0,19074000.0,517789000.0,85439000.0,,60623000.0,8771000.0,14678000.0,,106520000.0,66000.0,,154518000.0,0.0318,1422193,REGION BASSE-NORMANDIE,503665000.0,,,25,139801000.0,region,0.0,631000.0,30927000.0,59853000.0,231673000.0,7586000.0,141898000.0,2008,12422000.0,411269000.0,8556000.0,284000.0,39863000.0,11043000.0,58494000.0,205663000.0,95411000.0,2686771000.0,1146012000.0,92536000.0,0.0,147677000.0,106573000.0,26000000.0,6063000.0,242716000.0,0.0716,http://alize2.finances.gouv.fr/regions/detail.php?reg=025&exercice=2008,14987000.0
,250406000.0,0.0347,418547000.0,-26612000.0,25666000.0,830504000.0,124588000.0,,73724000.0,9024000.0,35181000.0,,179217000.0,0.0,,210079000.0,0.0283,2440329,REGION CENTRE,819890000.0,,,24,196630000.0,region,0.0,779000.0,104178000.0,87114000.0,608218000.0,20767000.0,135874000.0,2008,14685000.0,651287000.0,116535000.0,311000.0,54098000.0,-26612000.0,91741000.0,507249000.0,205829000.0,4402439000.0,2124697000.0,137935000.0,0.0,234336000.0,238158000.0,168653000.0,12768000.0,581606000.0,0.0862,http://alize2.finances.gouv.fr/regions/detail.php?reg=024&exercice=2008,137164000.0
,250221000.0,0.036,334643000.0,-18565000.0,21987000.0,571381000.0,80008000.0,,52013000.0,4274000.0,16387000.0,,94530000.0,5098000.0,,152685000.0,0.0309,1610067,REGION BOURGOGNE,564979000.0,,,26,120183000.0,region,0.0,386000.0,56312000.0,62767000.0,349884000.0,9005000.0,58841000.0,2008,9038000.0,476850000.0,23591000.0,44000.0,32291000.0,-23664000.0,59434000.0,250329000.0,113096000.0,2589261000.0,1444815000.0,104413000.0,0.0,171417000.0,168454000.0,93000000.0,9145000.0,326221000.0,0.0903,http://alize2.finances.gouv.fr/regions/detail.php?reg=026&exercice=2008,29162000.0
,333096000.0,0.0383,706680000.0,40868000.0,68400000.0,1435029000.0,284606000.0,,104882000.0,9671000.0,65732000.0,,278469000.0,0.0,,312406000.0,0.0381,3996588,REGION NORD-PAS-DE-CALAIS (NPDC),1408626000.0,,,31,376805000.0,region,0.0,1257000.0,204604000.0,200769000.0,850816000.0,60870000.0,297203000.0,2008,29230000.0,1156560000.0,173442000.0,7397000.0,100830000.0,40868000.0,147674000.0,1414961000.0,237601000.0,7470016000.0,2738286000.0,239448000.0,0.0,380327000.0,372171000.0,213924000.0,16878000.0,891684000.0,,http://alize2.finances.gouv.fr/regions/detail.php?reg=031&exercice=2008,223818000.0
,280986000.0,0.0273,414276000.0,-16494000.0,30555000.0,772072000.0,118846000.0,,54511000.0,5359000.0,28892000.0,,134986000.0,17000.0,,169501000.0,0.0259,2310376,REGION LORRAINE,717114000.0,,,41,159794000.0,region,0.0,441000.0,69543000.0,91461000.0,386221000.0,18349000.0,97827000.0,2008,9263000.0,637086000.0,23265000.0,15000.0,56889000.0,-16511000.0,79289000.0,507836000.0,151480000.0,4588605000.0,1996652000.0,114220000.0,0.0,210187000.0,213369000.0,98571000.0,6324000.0,369710000.0,0.0823,http://alize2.finances.gouv.fr/regions/detail.php?reg=041&exercice=2008,40318000.0
,113591000.0,0.0181,337742000.0,32243000.0,14252000.0,654400000.0,98290000.0,,32799000.0,3474000.0,27640000.0,,140198000.0,0.0,,154000000.0,0.0235,1734145,REGION ALSACE,602051000.0,,,42,128957000.0,region,0.0,300000.0,65641000.0,61721000.0,405085000.0,24981000.0,206276000.0,2008,9894000.0,514202000.0,43600000.0,26000.0,34297000.0,32243000.0,58725000.0,650519000.0,107955000.0,4182513000.0,1812091000.0,101730000.0,0.0,173893000.0,185449000.0,83926000.0,3037000.0,437328000.0,0.0865,http://alize2.finances.gouv.fr/regions/detail.php?reg=042&exercice=2008,66017000.0
,118362000.0,0.0392,230873000.0,-628000.0,14316000.0,439699000.0,70176000.0,,38979000.0,2518000.0,18216000.0,,104875000.0,1432000.0,,134022000.0,0.0311,1117059,REGION FRANCHE-COMTE,414420000.0,,,43,105936000.0,region,0.0,258000.0,42960000.0,53396000.0,284820000.0,5923000.0,95634000.0,2008,9907000.0,334824000.0,13264000.0,92000.0,13946000.0,-2059000.0,43915000.0,142899000.0,105503000.0,2256499000.0,994376000.0,73296000.0,0.0,121907000.0,114564000.0,30000000.0,3736000.0,282760000.0,0.1024,http://alize2.finances.gouv.fr/regions/detail.php?reg=043&exercice=2008,17911000.0
,290338000.0,0.0266,473927000.0,12818000.0,35314000.0,1059766000.0,152178000.0,,75611000.0,15070000.0,42574000.0,,277374000.0,657000.0,,367020000.0,0.028,3222061,REGION PAYS-DE-LA-LOIRE,987687000.0,,,52,224513000.0,region,0.0,761000.0,127699000.0,104423000.0,910748000.0,29905000.0,141463000.0,2008,15617000.0,782393000.0,120691000.0,2525000.0,93931000.0,12161000.0,137109000.0,795341000.0,264556000.0,5434658000.0,2842578000.0,181088000.0,0.0,308833000.0,257801000.0,269186000.0,13187000.0,922909000.0,0.0507,http://alize2.finances.gouv.fr/regions/detail.php?reg=052&exercice=2008,146428000.0
,243417000.0,0.0297,431885000.0,-23755000.0,24518000.0,913078000.0,133356000.0,,76765000.0,12308000.0,46344000.0,,229275000.0,0.0,,230818000.0,0.0313,2906197,REGION BRETAGNE,907714000.0,,,53,203085000.0,region,0.0,496000.0,113187000.0,100303000.0,561794000.0,15918000.0,157161000.0,2008,12049000.0,683802000.0,26512000.0,95000.0,66499000.0,-23755000.0,89814000.0,366997000.0,253030000.0,4260410000.0,2584548000.0,178006000.0,0.0,298285000.0,249142000.0,37392000.0,12742000.0,538039000.0,0.0413,http://alize2.finances.gouv.fr/regions/detail.php?reg=053&exercice=2008,39546000.0
,40022000.0,0.0332,268135000.0,47038000.0,16009000.0,565545000.0,60572000.0,,46377000.0,5299000.0,21652000.0,,134872000.0,937000.0,,93181000.0,0.0251,1640068,REGION POITOU-CHARENTES,533929000.0,,,54,106490000.0,region,0.0,458000.0,67560000.0,85064000.0,283356000.0,9495000.0,207862000.0,2008,12404000.0,430673000.0,51677000.0,352000.0,32895000.0,46101000.0,77309000.0,291304000.0,87834000.0,2413098000.0,1396806000.0,80540000.0,0.0,154211000.0,136827000.0,45000000.0,11394000.0,329457000.0,0.0863,http://alize2.finances.gouv.fr/regions/detail.php?reg=054&exercice=2008,60764000.0
,240625000.0,0.0317,414728000.0,-16123000.0,32328000.0,1034645000.0,157323000.0,,93269000.0,11940000.0,40584000.0,,355151000.0,5057000.0,,233152000.0,0.0354,2908359,REGION AQUITAINE,948993000.0,,,72,249423000.0,region,0.0,1105000.0,153828000.0,108126000.0,760612000.0,9761000.0,135309000.0,2008,24534000.0,679494000.0,41133000.0,50000.0,48857000.0,-21180000.0,110238000.0,275490000.0,371274000.0,4444274000.0,2942162000.0,162908000.0,0.0,281369000.0,222089000.0,10000000.0,11216000.0,739432000.0,0.0931,http://alize2.finances.gouv.fr/regions/detail.php?reg=072&exercice=2008,50139000.0
,191001000.0,0.0459,441477000.0,-60137000.0,37340000.0,932849000.0,158795000.0,,116895000.0,4718000.0,29404000.0,,231328000.0,14304000.0,,223809000.0,0.0401,2551687,REGION MIDI-PYRENEES,910546000.0,,,73,268660000.0,region,0.0,516000.0,213366000.0,112298000.0,732238000.0,5739000.0,204769000.0,2008,28258000.0,701521000.0,6558000.0,127000.0,62360000.0,-74442000.0,84495000.0,224254000.0,291465000.0,3960129000.0,2546711000.0,151796000.0,0.0,254102000.0,245376000.0,131351000.0,12949000.0,657797000.0,0.1092,http://alize2.finances.gouv.fr/regions/detail.php?reg=073&exercice=2008,11992000.0
,125767000.0,0.0394,205019000.0,-23714000.0,13605000.0,327725000.0,39606000.0,,25257000.0,1507000.0,13264000.0,,46930000.0,76000.0,,70295000.0,0.041,710939,REGION LIMOUSIN,327127000.0,,,74,62784000.0,region,0.0,232000.0,151566000.0,44771000.0,312595000.0,7649000.0,63588000.0,2008,3842000.0,280795000.0,28614000.0,34000.0,14571000.0,-23790000.0,23944000.0,206282000.0,70644000.0,966000000.0,641026000.0,67212000.0,0.0,95614000.0,113487000.0,77730000.0,5374000.0,288805000.0,0.1537,http://alize2.finances.gouv.fr/regions/detail.php?reg=074&exercice=2008,35936000.0
,726284000.0,0.0212,1086017000.0,19180000.0,118553000.0,2046289000.0,308740000.0,,144749000.0,19198000.0,46784000.0,,317852000.0,0.0,,384375000.0,0.0249,5645407,REGION RHONE-ALPES,1912543000.0,,,82,434901000.0,region,0.0,1012000.0,275015000.0,197112000.0,1358370000.0,51554000.0,229031000.0,2008,42090000.0,1728437000.0,105741000.0,519000.0,108574000.0,19180000.0,179573000.0,1221424000.0,298672000.0,12399374000.0,6827921000.0,309778000.0,0.0,595366000.0,569711000.0,191903000.0,9230000.0,1377551000.0,0.0528,http://alize2.finances.gouv.fr/regions/detail.php?reg=082&exercice=2008,152016000.0
,118146000.0,0.0454,250752000.0,-2338000.0,13351000.0,545473000.0,76830000.0,,54494000.0,3058000.0,39924000.0,,137609000.0,295000.0,,134662000.0,0.0358,1308878,REGION AUVERGNE,493596000.0,,,83,118938000.0,region,0.0,319000.0,94960000.0,52004000.0,334118000.0,16680000.0,116030000.0,2008,9906000.0,407864000.0,35606000.0,356000.0,27587000.0,-2632000.0,50173000.0,492350000.0,139947000.0,2146046000.0,1200343000.0,82650000.0,0.0,136013000.0,146599000.0,84500000.0,5979000.0,331486000.0,0.104,http://alize2.finances.gouv.fr/regions/detail.php?reg=083&exercice=2008,50863000.0
,109171000.0,0.0477,359270000.0,24565000.0,26732000.0,824933000.0,115873000.0,,117994000.0,10450000.0,23799000.0,,255903000.0,0.0,,166751000.0,0.0422,2295648,REGION LANGUEDOC-ROUSSILLON,823532000.0,,,91,215964000.0,region,0.0,559000.0,234904000.0,88098000.0,537414000.0,19344000.0,218271000.0,2008,20499000.0,569030000.0,25655000.0,1230000.0,80303000.0,24565000.0,88288000.0,468190000.0,231339000.0,2745849000.0,2473737000.0,136439000.0,0.0,241701000.0,222147000.0,65000000.0,10095000.0,561979000.0,0.0537,http://alize2.finances.gouv.fr/regions/detail.php?reg=091&exercice=2008,43248000.0
,197963000.0,0.0236,754056000.0,-436000.0,54774000.0,1626511000.0,280709000.0,,134872000.0,26642000.0,35415000.0,,308537000.0,888000.0,,349029000.0,0.0384,4506151,REGION PROVENCE-ALPES-COTE-D'AZUR,1462222000.0,,,93,368221000.0,region,0.0,2361000.0,142135000.0,170051000.0,1368272000.0,75143000.0,492935000.0,2008,39289000.0,1317974000.0,333681000.0,0.0,128575000.0,-1324000.0,154957000.0,1491064000.0,308973000.0,7309965000.0,5714740000.0,203266000.0,0.0,449046000.0,400668000.0,419412000.0,11181000.0,1366948000.0,0.0885,http://alize2.finances.gouv.fr/regions/detail.php?reg=093&exercice=2008,400856000.0
,260500000.0,0.0102,298717000.0,-9761000.0,2710000.0,517746000.0,0.0,,2880000.0,1463000.0,52231000.0,,132646000.0,92000.0,,84288000.0,0.0,260196,COLLECTIVITE TERRITORIALE DE CORSE,504026000.0,,,94,2975000.0,region,0.0,91000.0,115571000.0,40488000.0,275153000.0,9186000.0,33198000.0,2008,20986000.0,385100000.0,6130000.0,439000.0,20670000.0,-9853000.0,12331000.0,324415000.0,142407000.0,0.0,282410000.0,35412000.0,0.0,145406000.0,31863000.0,29000000.0,12982000.0,265299000.0,0.0624,http://alize2.finances.gouv.fr/regions/detail.php?reg=094&exercice=2008,15316000.0
0.0,22297000.0,0.039,76871000.0,-20963000.0,14144000.0,255050000.0,10331000.0,0.0,10469000.0,0.0,50455000.0,,52138000.0,0.0,446000.0,58184000.0,0.025,400736,REGION GUADELOUPE,252896000.0,,,101,19758000.0,region,0.0,0.0,121191000.0,42172000.0,232183000.0,4766000.0,38114000.0,2009,3756000.0,202912000.0,23795000.0,0.0,33570000.0,-20963000.0,32822000.0,220367000.0,73100000.0,413313000.0,268432000.0,0.0,0.0,157636000.0,15015000.0,0.0,483000.0,211220000.0,0.0,http://alize2.finances.gouv.fr/regions/detail.php?reg=101&exercice=2009,28560000.0
0.0,43705000.0,0.0388,70735000.0,-2429000.0,8642000.0,222997000.0,8650000.0,0.0,10911000.0,1364000.0,39198000.0,,98941000.0,0.0,0.0,63990000.0,0.0194,397732,REGION MARTINIQUE,222997000.0,,,103,19972000.0,region,0.0,51000.0,83395000.0,31785000.0,151129000.0,0.0,16258000.0,2009,22741000.0,124056000.0,0.0,0.0,20997000.0,-2429000.0,16577000.0,37000.0,101370000.0,445672000.0,281220000.0,0.0,0.0,133160000.0,21126000.0,0.0,547000.0,148699000.0,0.0371,http://alize2.finances.gouv.fr/regions/detail.php?reg=103&exercice=2009,0.0
0.0,9777000.0,0.0427,34304000.0,643000.0,813000.0,93874000.0,5024000.0,0.0,3689000.0,1579000.0,21545000.0,,27384000.0,0.0,0.0,11631000.0,0.0234,205954,REGION GUYANE,93874000.0,,,102,8621000.0,region,0.0,51000.0,86195000.0,15936000.0,103094000.0,3625000.0,22469000.0,2009,3767000.0,66490000.0,4886000.0,0.0,12503000.0,643000.0,10051000.0,139968000.0,26741000.0,214720000.0,86402000.0,0.0,0.0,54485000.0,5605000.0,58003000.0,145000.0,103736000.0,0.0325,http://alize2.finances.gouv.fr/regions/detail.php?reg=102&exercice=2009,8512000.0
0.0,22475000.0,0.0266,151437000.0,60479000.0,22819000.0,440125000.0,17131000.0,0.0,13645000.0,3652000.0,68074000.0,,161107000.0,2193000.0,153000.0,46366000.0,0.023,781962,REGION REUNION,419599000.0,,,104,30979000.0,region,0.0,33000.0,309355000.0,57877000.0,647614000.0,13014000.0,102239000.0,2009,128675000.0,279019000.0,143127000.0,25000.0,27862000.0,58286000.0,37571000.0,390533000.0,100628000.0,744887000.0,512936000.0,0.0,0.0,258537000.0,27994000.0,200000000.0,2088000.0,705900000.0,0.0,http://alize2.finances.gouv.fr/regions/detail.php?reg=104&exercice=2009,155188000.0
0.0,792279000.0,0.0127,1790391000.0,403729000.0,91345000.0,3461650000.0,427238000.0,65000.0,263454000.0,42735000.0,236594000.0,,627338000.0,5121000.0,29884000.0,1036779000.0,0.0172,11532398,REGION ILE-DE-FRANCE,3363075000.0,,,11,650336000.0,region,0.0,928000.0,683954000.0,360378000.0,2871683000.0,120575000.0,893619000.0,2009,201724000.0,2834312000.0,202449000.0,58000.0,190710000.0,398608000.0,303564000.0,3127415000.0,223609000.0,24838980000.0,20744755000.0,913485000.0,0.0,1542972000.0,731889000.0,575769000.0,13964000.0,3270291000.0,0.022,http://alize2.finances.gouv.fr/regions/detail.php?reg=011&exercice=2009,285188000.0
0.0,170958000.0,0.0363,280068000.0,60730000.0,17542000.0,477319000.0,71274000.0,599000.0,40708000.0,4341000.0,26177000.0,,60905000.0,51242000.0,8904000.0,75146000.0,0.0262,1338850,REGION CHAMPAGNE-ARDENNE,473032000.0,,,21,105783000.0,region,0.0,205000.0,41366000.0,58881000.0,294167000.0,9744000.0,87883000.0,2009,6576000.0,416414000.0,72578000.0,14000.0,29430000.0,9489000.0,53333000.0,328247000.0,175000.0,2720377000.0,1121413000.0,88459000.0,0.0,139909000.0,130796000.0,33250000.0,5442000.0,303655000.0,0.0472,http://alize2.finances.gouv.fr/regions/detail.php?reg=021&exercice=2009,81659000.0
0.0,236752000.0,0.0426,492925000.0,-51337000.0,68207000.0,766911000.0,105365000.0,90000.0,63563000.0,5114000.0,59846000.0,,64458000.0,-1619000.0,11129000.0,201189000.0,0.031,1894355,REGION PICARDIE,715535000.0,,,22,160277000.0,region,0.0,363000.0,82370000.0,94952000.0,449987000.0,11730000.0,184909000.0,2009,31819000.0,702453000.0,21081000.0,14000.0,39565000.0,-49718000.0,65685000.0,473102000.0,115795000.0,3398829000.0,1492173000.0,116904000.0,0.0,192476000.0,221159000.0,160000000.0,9678000.0,400269000.0,0.0711,http://alize2.finances.gouv.fr/regions/detail.php?reg=022&exercice=2009,32163000.0
0.0,214839000.0,0.0442,307663000.0,-58260000.0,36605000.0,680816000.0,128013000.0,6000.0,71163000.0,5340000.0,22313000.0,,146921000.0,5507000.0,1620000.0,177211000.0,0.0261,1811055,REGION HAUTE-NORMANDIE,664902000.0,,,23,197110000.0,region,0.0,492000.0,124336000.0,93888000.0,449779000.0,7193000.0,52969000.0,2009,29842000.0,533895000.0,15383000.0,155000.0,61780000.0,-63767000.0,91684000.0,222076000.0,205182000.0,4904787000.0,1609964000.0,116722000.0,0.0,200511000.0,150288000.0,80006000.0,4807000.0,386011000.0,0.092,http://alize2.finances.gouv.fr/regions/detail.php?reg=023&exercice=2009,22361000.0
0.0,260006000.0,0.0347,439095000.0,-32213000.0,25622000.0,844527000.0,130519000.0,0.0,76913000.0,9488000.0,42003000.0,,145153000.0,-94000.0,12371000.0,213958000.0,0.0283,2519567,REGION CENTRE,833484000.0,,,24,204051000.0,region,0.0,819000.0,111787000.0,98985000.0,537002000.0,15991000.0,147732000.0,2009,32843000.0,699374000.0,42976000.0,355000.0,57411000.0,-32119000.0,92833000.0,529359000.0,177366000.0,4612041000.0,2216510000.0,140283000.0,0.0,237362000.0,242159000.0,65000000.0,11594000.0,504883000.0,0.0862,http://alize2.finances.gouv.fr/regions/detail.php?reg=024&exercice=2009,58908000.0
0.0,107510000.0,0.0529,275221000.0,-32352000.0,16723000.0,526797000.0,88318000.0,42000.0,63566000.0,9312000.0,27333000.0,,81752000.0,0.0,40309000.0,171973000.0,0.0318,1456793,REGION BASSE-NORMANDIE,509280000.0,,,25,154813000.0,region,0.0,671000.0,38321000.0,66324000.0,293855000.0,5804000.0,145620000.0,2009,15769000.0,445046000.0,9456000.0,19000.0,36978000.0,-32352000.0,58151000.0,242957000.0,114103000.0,2777345000.0,1201584000.0,97982000.0,0.0,153089000.0,118277000.0,47937000.0,5459000.0,261503000.0,0.0716,http://alize2.finances.gouv.fr/regions/detail.php?reg=025&exercice=2009,14812000.0
0.0,340752000.0,0.0383,738055000.0,-66541000.0,66880000.0,1462467000.0,299088000.0,10000.0,109574000.0,10244000.0,63405000.0,,248498000.0,0.0,0.0,341825000.0,0.0381,4018644,REGION NORD-PAS-DE-CALAIS (NPDC),1434915000.0,,,31,417237000.0,region,0.0,1331000.0,244968000.0,220275000.0,915932000.0,45802000.0,320989000.0,2009,65776000.0,1213969000.0,187015000.0,2000.0,108460000.0,-66541000.0,152412000.0,1536797000.0,315039000.0,7850036000.0,2860862000.0,247311000.0,0.0,386066000.0,377502000.0,312006000.0,15603000.0,849391000.0,,http://alize2.finances.gouv.fr/regions/detail.php?reg=031&exercice=2009,229303000.0
0.0,281658000.0,0.0365,370983000.0,-50877000.0,22687000.0,575955000.0,84029000.0,643000.0,54963000.0,4510000.0,16437000.0,,40265000.0,464000.0,10528000.0,182090000.0,0.0314,1628837,REGION BOURGOGNE,566952000.0,,,26,141970000.0,region,0.0,413000.0,49325000.0,71002000.0,415736000.0,7175000.0,61985000.0,2009,19151000.0,535689000.0,32888000.0,37000.0,33658000.0,-51342000.0,60116000.0,375262000.0,91143000.0,2676064000.0,1505906000.0,102814000.0,0.0,168538000.0,171285000.0,157822000.0,8335000.0,364394000.0,0.0917,http://alize2.finances.gouv.fr/regions/detail.php?reg=026&exercice=2009,38642000.0
0.0,291217000.0,0.0273,439095000.0,-33442000.0,35421000.0,836644000.0,122990000.0,932000.0,56678000.0,5480000.0,32278000.0,,115886000.0,0.0,47957000.0,168974000.0,0.0259,2335749,REGION LORRAINE,767148000.0,,,41,182074000.0,region,0.0,450000.0,96240000.0,113833000.0,449757000.0,18772000.0,107284000.0,2009,10155000.0,720758000.0,27291000.0,12000.0,77814000.0,-33442000.0,79222000.0,620545000.0,149328000.0,4748588000.0,2076148000.0,163261000.0,0.0,258596000.0,216954000.0,140000000.0,5755000.0,416315000.0,0.0823,http://alize2.finances.gouv.fr/regions/detail.php?reg=041&exercice=2009,44522000.0
0.0,119559000.0,0.0193,352698000.0,-10504000.0,16086000.0,673940000.0,107910000.0,367000.0,36514000.0,3673000.0,40852000.0,,125325000.0,0.0,24922000.0,198220000.0,0.025,1815493,REGION ALSACE,604570000.0,,,42,138545000.0,region,0.0,339000.0,95960000.0,63770000.0,560968000.0,22445000.0,213391000.0,2009,22176000.0,548616000.0,43784000.0,30000.0,39090000.0,-10504000.0,60952000.0,700366000.0,135828000.0,4316476000.0,1891807000.0,98187000.0,0.0,171428000.0,188565000.0,93630000.0,2910000.0,550464000.0,0.0922,http://alize2.finances.gouv.fr/regions/detail.php?reg=042&exercice=2009,62051000.0
0.0,118479000.0,0.0392,234610000.0,-6522000.0,15115000.0,457252000.0,71985000.0,43000.0,40783000.0,2515000.0,21542000.0,,98501000.0,356000.0,17923000.0,135296000.0,0.0311,1150624,REGION FRANCHE-COMTE,418629000.0,,,43,114143000.0,region,0.0,258000.0,43934000.0,61291000.0,296761000.0,5652000.0,98623000.0,2009,17043000.0,358751000.0,11485000.0,37000.0,14385000.0,-6878000.0,44530000.0,184128000.0,105024000.0,2314642000.0,1040327000.0,78088000.0,0.0,123940000.0,116488000.0,52714000.0,3413000.0,289883000.0,0.1024,http://alize2.finances.gouv.fr/regions/detail.php?reg=043&exercice=2009,16150000.0
0.0,288764000.0,0.0266,484224000.0,1225000.0,49565000.0,1125589000.0,160975000.0,170000.0,79522000.0,15555000.0,38670000.0,,286494000.0,5449000.0,64438000.0,406414000.0,0.028,3450413,REGION PAYS-DE-LA-LOIRE,1016436000.0,,,52,246512000.0,region,0.0,786000.0,99572000.0,110638000.0,1128458000.0,25824000.0,138730000.0,2009,38732000.0,839096000.0,241400000.0,52000.0,95495000.0,-4224000.0,140492000.0,899255000.0,285269000.0,5749133000.0,2989667000.0,182800000.0,0.0,312863000.0,262133000.0,345314000.0,12166000.0,1124234000.0,0.0507,http://alize2.finances.gouv.fr/regions/detail.php?reg=052&exercice=2009,264244000.0
0.0,247846000.0,0.0297,455289000.0,-9707000.0,26432000.0,948248000.0,139719000.0,6000.0,80747000.0,12605000.0,55689000.0,,202309000.0,-6000.0,24532000.0,220521000.0,0.0313,3094534,REGION BRETAGNE,935163000.0,,,53,213898000.0,region,0.0,508000.0,149993000.0,114388000.0,593712000.0,12016000.0,175462000.0,2009,33323000.0,745939000.0,32562000.0,6045000.0,63711000.0,-9700000.0,94377000.0,349435000.0,212016000.0,4463681000.0,2718598000.0,188023000.0,0.0,312445000.0,253738000.0,15000000.0,12082000.0,584012000.0,0.0413,http://alize2.finances.gouv.fr/regions/detail.php?reg=053&exercice=2009,41245000.0
0.0,47284000.0,0.0332,281974000.0,-25057000.0,18076000.0,590386000.0,63672000.0,28000.0,48614000.0,5053000.0,20093000.0,,120143000.0,393000.0,13772000.0,77315000.0,0.0251,1724123,REGION POITOU-CHARENTES,547324000.0,,,54,114742000.0,region,0.0,437000.0,91577000.0,94444000.0,346480000.0,7524000.0,211893000.0,2009,23040000.0,470244000.0,25913000.0,1002000.0,34503000.0,-25451000.0,77681000.0,292474000.0,145200000.0,2536831000.0,1464283000.0,84183000.0,0.0,156644000.0,140870000.0,27067000.0,10426000.0,321029000.0,0.0863,http://alize2.finances.gouv.fr/regions/detail.php?reg=054&exercice=2009,31714000.0
0.0,270771000.0,0.0317,466072000.0,2522000.0,37015000.0,1104173000.0,167675000.0,487000.0,97967000.0,12259000.0,50295000.0,,315610000.0,6020000.0,29667000.0,279264000.0,0.0354,3119778,REGION AQUITAINE,993854000.0,,,72,271192000.0,region,0.0,1135000.0,169497000.0,125477000.0,854235000.0,6128000.0,151578000.0,2009,41375000.0,788563000.0,45976000.0,87000.0,60917000.0,-3498000.0,110355000.0,284515000.0,313088000.0,4736475000.0,3090427000.0,180442000.0,0.0,299904000.0,265011000.0,55000000.0,10371000.0,850736000.0,0.0931,http://alize2.finances.gouv.fr/regions/detail.php?reg=072&exercice=2009,52036000.0
0.0,200409000.0,0.0472,448811000.0,28791000.0,41924000.0,984433000.0,173214000.0,535000.0,126298000.0,4873000.0,48989000.0,,240953000.0,5869000.0,30144000.0,332299000.0,0.0412,2776822,REGION MIDI-PYRENEES,953418000.0,,,73,304594000.0,region,0.0,546000.0,147313000.0,123134000.0,670849000.0,5776000.0,197757000.0,2009,66605000.0,743480000.0,7355000.0,101000.0,62676000.0,22922000.0,82786000.0,269715000.0,212163000.0,4204261000.0,2675786000.0,159299000.0,0.0,269998000.0,250770000.0,63720000.0,11792000.0,693771000.0,0.1123,http://alize2.finances.gouv.fr/regions/detail.php?reg=073&exercice=2009,13128000.0
0.0,123568000.0,0.041,201877000.0,12793000.0,12530000.0,337878000.0,43643000.0,7000.0,27399000.0,1521000.0,8131000.0,,41537000.0,2107000.0,2859000.0,66814000.0,0.0435,730920,REGION LIMOUSIN,335506000.0,,,74,67600000.0,region,0.0,243000.0,32212000.0,50476000.0,159093000.0,8633000.0,62434000.0,2009,11849000.0,296340000.0,28591000.0,10000.0,17803000.0,10686000.0,23715000.0,228358000.0,28744000.0,1003318000.0,668253000.0,72557000.0,0.0,102876000.0,116886000.0,50667000.0,5002000.0,169779000.0,0.1598,http://alize2.finances.gouv.fr/regions/detail.php?reg=074&exercice=2009,35740000.0
0.0,756300000.0,0.0212,1137398000.0,-24936000.0,126262000.0,2112303000.0,324270000.0,168000.0,151601000.0,19059000.0,46264000.0,,285385000.0,0.0,57110000.0,455273000.0,0.0249,6021346,REGION RHONE-ALPES,1942654000.0,,,82,458338000.0,region,0.0,1005000.0,298783000.0,215311000.0,1525358000.0,38433000.0,242120000.0,2009,96878000.0,1826918000.0,141229000.0,9000.0,109375000.0,-24936000.0,178609000.0,1357158000.0,310322000.0,13022484000.0,7151284000.0,322847000.0,0.0,603914000.0,579282000.0,277025000.0,8525000.0,1500421000.0,0.0528,http://alize2.finances.gouv.fr/regions/detail.php?reg=082&exercice=2009,176171000.0
0.0,131607000.0,0.0477,258270000.0,2459000.0,12414000.0,573353000.0,84158000.0,17000.0,59654000.0,3156000.0,33621000.0,,141008000.0,-1934000.0,1182000.0,114653000.0,0.0376,1335938,REGION AUVERGNE,510517000.0,,,83,145597000.0,region,0.0,346000.0,99391000.0,59064000.0,334883000.0,15876000.0,111245000.0,2009,27212000.0,432345000.0,39596000.0,0.0,25629000.0,4394000.0,50165000.0,512650000.0,138549000.0,2238229000.0,1250548000.0,99236000.0,0.0,160292000.0,143289000.0,56900000.0,5497000.0,339277000.0,0.1092,http://alize2.finances.gouv.fr/regions/detail.php?reg=083&exercice=2009,54798000.0
0.0,97670000.0,0.0486,373511000.0,-33725000.0,29868000.0,836792000.0,125169000.0,2000.0,126279000.0,10844000.0,30543000.0,,221198000.0,0.0,3602000.0,176558000.0,0.043,2534144,REGION LANGUEDOC-ROUSSILLON,836200000.0,,,91,235073000.0,region,0.0,580000.0,171236000.0,100534000.0,590647000.0,15817000.0,241186000.0,2009,66215000.0,615593000.0,45293000.0,476000.0,90868000.0,-33725000.0,82456000.0,492570000.0,254923000.0,2910862000.0,2598341000.0,135957000.0,0.0,239896000.0,227698000.0,69672000.0,9443000.0,556922000.0,0.0537,http://alize2.finances.gouv.fr/regions/detail.php?reg=091&exercice=2009,60513000.0
0.0,279347000.0,0.0236,783518000.0,-23841000.0,66914000.0,1727054000.0,294004000.0,22000.0,140625000.0,26555000.0,37347000.0,,339111000.0,653000.0,8958000.0,304882000.0,0.0384,4815232,REGION PROVENCE-ALPES-COTE-D'AZUR,1530439000.0,,,93,397359000.0,region,0.0,2353000.0,244888000.0,187305000.0,1951870000.0,57728000.0,428540000.0,2009,62265000.0,1387942000.0,502150000.0,35000.0,128897000.0,-24494000.0,179885000.0,1621237000.0,362952000.0,7656565000.0,5958900000.0,240634000.0,0.0,462547000.0,407399000.0,632323000.0,10405000.0,1927376000.0,0.0885,http://alize2.finances.gouv.fr/regions/detail.php?reg=093&exercice=2009,558854000.0
0.0,262067000.0,0.0102,305916000.0,-25260000.0,3861000.0,546494000.0,0.0,2000.0,3022000.0,1538000.0,80980000.0,,123231000.0,836000.0,0.0,93915000.0,0.0,294118,COLLECTIVITE TERRITORIALE DE CORSE,521836000.0,,,94,3126000.0,region,0.0,95000.0,116189000.0,46720000.0,321476000.0,12592000.0,37653000.0,2009,36993000.0,423263000.0,7116000.0,216000.0,29884000.0,-26095000.0,8598000.0,317299000.0,148491000.0,0.0,296444000.0,35201000.0,0.0,168525000.0,34309000.0,0.0,13572000.0,295381000.0,0.0624,http://alize2.finances.gouv.fr/regions/detail.php?reg=094&exercice=2009,19708000.0
0.0,24832000.0,0.039,91394000.0,-4783000.0,15231000.0,256093000.0,,0.0,10972000.0,0.0,40242000.0,,43392000.0,0.0,,45281000.0,,400584,REGION GUADELOUPE,253710000.0,,,101,21489000.0,region,0.0,0.0,95622000.0,44267000.0,174790000.0,5445000.0,49030000.0,2010,8175000.0,212701000.0,19414000.0,230000.0,32204000.0,-4783000.0,13580000.0,225953000.0,48174000.0,,281317000.0,0.0,0.0,162210000.0,15493000.0,0.0,805000.0,170007000.0,0.0,http://alize2.finances.gouv.fr/regions/detail.php?reg=101&exercice=2010,24860000.0
0.0,51416000.0,0.0388,88063000.0,-23965000.0,9803000.0,239328000.0,,0.0,11458000.0,1382000.0,48423000.0,,85624000.0,0.0,,52489000.0,,397730,REGION MARTINIQUE,239328000.0,,,103,20858000.0,region,0.0,51000.0,76716000.0,39975000.0,153803000.0,2000.0,23564000.0,2010,12228000.0,153703000.0,0.0,0.0,18603000.0,-23965000.0,16735000.0,37000.0,109590000.0,,295293000.0,0.0,0.0,143381000.0,21318000.0,0.0,1197000.0,129837000.0,0.0371,http://alize2.finances.gouv.fr/regions/detail.php?reg=103&exercice=2010,0.0
0.0,8027000.0,0.0427,36585000.0,-32175000.0,933000.0,96410000.0,,0.0,3955000.0,1651000.0,20508000.0,,21577000.0,0.0,,10306000.0,,213031,REGION GUYANE,96410000.0,,,102,9034000.0,region,0.0,54000.0,25107000.0,17254000.0,75132000.0,3689000.0,25940000.0,2010,16675000.0,74833000.0,6195000.0,0.0,16708000.0,-32175000.0,11645000.0,136773000.0,53751000.0,,92615000.0,0.0,0.0,55802000.0,5672000.0,3000000.0,0.0,42957000.0,0.0325,http://alize2.finances.gouv.fr/regions/detail.php?reg=102&exercice=2010,9884000.0
0.0,22570000.0,0.0266,148070000.0,-189994000.0,24038000.0,466490000.0,,0.0,14469000.0,3660000.0,179655000.0,,182128000.0,5059000.0,,42527000.0,,794107,REGION REUNION,440260000.0,,,104,31087000.0,region,0.0,33000.0,130717000.0,63983000.0,588731000.0,11962000.0,98016000.0,2010,45752000.0,284362000.0,145451000.0,1164000.0,29083000.0,-195053000.0,37760000.0,368612000.0,372122000.0,,543970000.0,0.0,0.0,257214000.0,27979000.0,123529000.0,4142000.0,393678000.0,0.0,http://alize2.finances.gouv.fr/regions/detail.php?reg=104&exercice=2010,157300000.0
0.0,807409000.0,0.0127,1827050000.0,399712000.0,107185000.0,3497924000.0,,70000.0,269202000.0,44367000.0,271450000.0,,457479000.0,1805000.0,,1020375000.0,,11598866,REGION ILE-DE-FRANCE,3378432000.0,,,11,726242000.0,region,0.0,963000.0,592087000.0,363429000.0,2683942000.0,113313000.0,899354000.0,2010,111703000.0,3040445000.0,245103000.0,39000.0,177686000.0,397908000.0,304470000.0,3506814000.0,57766000.0,,21197653000.0,916329000.0,0.0,1544509000.0,735578000.0,624503000.0,13385000.0,3081850000.0,0.022,http://alize2.finances.gouv.fr/regions/detail.php?reg=011&exercice=2010,317568000.0
0.0,179080000.0,0.0363,284981000.0,-1901000.0,22473000.0,489660000.0,,1824000.0,41862000.0,4410000.0,27201000.0,,44052000.0,-4000.0,,88451000.0,,1339487,REGION CHAMPAGNE-ARDENNE,483819000.0,,,21,109609000.0,region,0.0,208000.0,59616000.0,61353000.0,246904000.0,11936000.0,80012000.0,2010,4504000.0,445608000.0,32847000.0,304000.0,38144000.0,-1897000.0,53648000.0,347630000.0,45953000.0,,1153211000.0,87376000.0,0.0,138277000.0,131455000.0,52230000.0,5280000.0,245007000.0,0.0472,http://alize2.finances.gouv.fr/regions/detail.php?reg=021&exercice=2010,39768000.0
0.0,236425000.0,0.0426,466932000.0,46341000.0,46229000.0,809619000.0,,64000.0,65627000.0,5182000.0,57694000.0,,104451000.0,-76000.0,,172388000.0,,1900354,REGION PICARDIE,744993000.0,,,22,165013000.0,region,0.0,367000.0,88063000.0,98115000.0,363192000.0,14545000.0,180926000.0,2010,11810000.0,705168000.0,26484000.0,10000.0,52535000.0,46417000.0,66447000.0,556670000.0,58110000.0,,1540504000.0,117593000.0,0.0,198653000.0,222274000.0,110000000.0,9283000.0,409609000.0,0.0711,http://alize2.finances.gouv.fr/regions/detail.php?reg=022&exercice=2010,40410000.0
0.0,216761000.0,0.0442,308491000.0,-13923000.0,36042000.0,694275000.0,,4000.0,72995000.0,5332000.0,20296000.0,,148366000.0,1218000.0,,128080000.0,,1816716,REGION HAUTE-NORMANDIE,675210000.0,,,23,211287000.0,region,0.0,491000.0,104936000.0,97339000.0,355914000.0,7926000.0,52309000.0,2010,20010000.0,545910000.0,16448000.0,58000.0,51574000.0,-15141000.0,85839000.0,225684000.0,162289000.0,,1651523000.0,117198000.0,0.0,200057000.0,151046000.0,20000000.0,4555000.0,340773000.0,0.092,http://alize2.finances.gouv.fr/regions/detail.php?reg=023&exercice=2010,24145000.0
0.0,264321000.0,0.0347,445186000.0,60073000.0,23101000.0,936451000.0,,0.0,79454000.0,9523000.0,31445000.0,,201081000.0,-6891000.0,,203702000.0,,2526919,REGION CENTRE,840368000.0,,,24,214570000.0,region,0.0,822000.0,94748000.0,102036000.0,429041000.0,15375000.0,151382000.0,2010,20955000.0,735370000.0,44658000.0,59000.0,58001000.0,66964000.0,94885000.0,555501000.0,141008000.0,,2289668000.0,143291000.0,0.0,238116000.0,243426000.0,70800000.0,10989000.0,496005000.0,0.0862,http://alize2.finances.gouv.fr/regions/detail.php?reg=024&exercice=2010,59924000.0
0.0,111168000.0,0.0529,266187000.0,-15261000.0,20622000.0,534459000.0,,41000.0,65447000.0,9385000.0,21016000.0,,72115000.0,0.0,,114069000.0,,1461429,REGION BASSE-NORMANDIE,519505000.0,,,25,159186000.0,region,0.0,676000.0,40173000.0,68158000.0,223098000.0,5522000.0,130370000.0,2010,8650000.0,462344000.0,20857000.0,0.0,47275000.0,-15260000.0,60807000.0,248166000.0,87376000.0,,1237219000.0,98654000.0,0.0,153653000.0,118873000.0,27000000.0,5293000.0,207838000.0,0.0716,http://alize2.finances.gouv.fr/regions/detail.php?reg=025&exercice=2010,25993000.0
0.0,270841000.0,0.0365,360377000.0,38318000.0,23267000.0,642800000.0,,747000.0,56649000.0,4467000.0,30303000.0,,78774000.0,656000.0,,170605000.0,,1633891,REGION BOURGOGNE,584830000.0,,,26,146204000.0,region,0.0,409000.0,65982000.0,75208000.0,365338000.0,6928000.0,61655000.0,2010,10634000.0,564026000.0,38964000.0,585000.0,46153000.0,37662000.0,60437000.0,456620000.0,40456000.0,,1552085000.0,107688000.0,0.0,172444000.0,172148000.0,120321000.0,7993000.0,403000000.0,0.0917,http://alize2.finances.gouv.fr/regions/detail.php?reg=026&exercice=2010,45096000.0
0.0,304111000.0,0.0273,452814000.0,22386000.0,36144000.0,885650000.0,,948000.0,58205000.0,5392000.0,30194000.0,,131501000.0,0.0,,145466000.0,,2339881,REGION LORRAINE,797450000.0,,,41,187695000.0,region,0.0,443000.0,76900000.0,117584000.0,414699000.0,19963000.0,107261000.0,2010,11272000.0,754149000.0,33465000.0,11000.0,70342000.0,22386000.0,79676000.0,673081000.0,109114000.0,,2132023000.0,166849000.0,0.0,262069000.0,218047000.0,86000000.0,5579000.0,437085000.0,0.0823,http://alize2.finances.gouv.fr/regions/detail.php?reg=041&exercice=2010,51281000.0
0.0,342833000.0,0.0383,737582000.0,-66240000.0,77134000.0,1487435000.0,,10000.0,112287000.0,11355000.0,71110000.0,,226687000.0,0.0,,359109000.0,,4021676,REGION NORD-PAS-DE-CALAIS (NPDC),1457213000.0,,,31,431339000.0,region,0.0,1476000.0,216686000.0,225970000.0,848563000.0,41784000.0,309134000.0,2010,37302000.0,1260748000.0,120133000.0,343000.0,121532000.0,-66240000.0,153281000.0,1707002000.0,292927000.0,,2931855000.0,248484000.0,0.0,385874000.0,369751000.0,290000000.0,15009000.0,782323000.0,,http://alize2.finances.gouv.fr/regions/detail.php?reg=031&exercice=2010,154860000.0
0.0,122692000.0,0.0201,372789000.0,-23999000.0,18805000.0,706962000.0,,218000.0,39159000.0,3674000.0,30563000.0,,109643000.0,0.0,,126967000.0,,1827248,REGION ALSACE,618006000.0,,,42,141368000.0,region,0.0,352000.0,65084000.0,65705000.0,474330000.0,21041000.0,227521000.0,2010,17440000.0,597319000.0,45668000.0,29000.0,46768000.0,-23999000.0,62601000.0,735448000.0,133642000.0,,1948197000.0,100702000.0,0.0,177022000.0,189515000.0,80750000.0,2851000.0,450330000.0,0.096,http://alize2.finances.gouv.fr/regions/detail.php?reg=042&exercice=2010,63853000.0
0.0,115343000.0,0.0392,226971000.0,5342000.0,17808000.0,477165000.0,,43000.0,42046000.0,2503000.0,17525000.0,,107024000.0,883000.0,,111352000.0,,1158671,REGION FRANCHE-COMTE,422341000.0,,,43,118645000.0,region,0.0,256000.0,42828000.0,64243000.0,287539000.0,5278000.0,91188000.0,2010,9744000.0,370141000.0,30263000.0,3519000.0,13688000.0,4459000.0,45043000.0,200465000.0,101682000.0,,1072565000.0,75910000.0,0.0,122549000.0,117076000.0,46600000.0,3360000.0,291998000.0,0.1024,http://alize2.finances.gouv.fr/regions/detail.php?reg=043&exercice=2010,35258000.0
0.0,294798000.0,0.0266,461226000.0,21181000.0,47002000.0,1176734000.0,,206000.0,82545000.0,15400000.0,46268000.0,,292274000.0,2235000.0,,301383000.0,,3482594,REGION PAYS-DE-LOIRE,1032007000.0,,,52,258011000.0,region,0.0,778000.0,94803000.0,117925000.0,854297000.0,25748000.0,112645000.0,2010,15683000.0,884460000.0,159618000.0,75000.0,121853000.0,18946000.0,141716000.0,927869000.0,271093000.0,,3103305000.0,180196000.0,0.0,309939000.0,263454000.0,188232000.0,11732000.0,873243000.0,0.0507,http://alize2.finances.gouv.fr/regions/detail.php?reg=052&exercice=2010,183579000.0
0.0,250384000.0,0.0297,475114000.0,-39803000.0,28668000.0,957446000.0,,6000.0,83852000.0,12320000.0,39045000.0,,170360000.0,0.0,,216541000.0,,3120288,REGION BRETAGNE,946720000.0,,,53,224042000.0,region,0.0,496000.0,85335000.0,123100000.0,514934000.0,10220000.0,189690000.0,2010,14191000.0,787086000.0,30813000.0,508000.0,60948000.0,-39803000.0,95273000.0,333420000.0,210163000.0,,2823263000.0,187955000.0,0.0,300921000.0,256792000.0,12000000.0,11831000.0,475131000.0,0.0413,http://alize2.finances.gouv.fr/regions/detail.php?reg=053&exercice=2010,38516000.0
0.0,46739000.0,0.0332,273113000.0,3212000.0,23240000.0,595425000.0,,28000.0,50502000.0,4943000.0,38112000.0,,114631000.0,98000.0,,132929000.0,,1739780,REGION POITOU-CHARENTES,545744000.0,,,54,119887000.0,region,0.0,428000.0,47187000.0,98302000.0,328844000.0,8260000.0,199736000.0,2010,14713000.0,480794000.0,23725000.0,115000.0,40304000.0,3114000.0,77967000.0,306756000.0,111418000.0,,1521199000.0,85835000.0,0.0,160142000.0,142261000.0,38000000.0,9820000.0,331958000.0,0.0863,http://alize2.finances.gouv.fr/regions/detail.php?reg=054&exercice=2010,30361000.0
0.0,263965000.0,0.0317,452328000.0,-36457000.0,38846000.0,1135626000.0,,495000.0,101551000.0,12404000.0,50325000.0,,309653000.0,10684000.0,,270033000.0,,3150890,REGION AQUITAINE,995235000.0,,,72,281595000.0,region,0.0,1147000.0,139031000.0,129606000.0,840434000.0,6530000.0,143315000.0,2010,28451000.0,825973000.0,43447000.0,20000.0,71264000.0,-47141000.0,103358000.0,306067000.0,346110000.0,,3203378000.0,178992000.0,0.0,297692000.0,268032000.0,65000000.0,9842000.0,793293000.0,0.0931,http://alize2.finances.gouv.fr/regions/detail.php?reg=072&exercice=2010,49794000.0
0.0,203107000.0,0.0472,450454000.0,-24644000.0,44132000.0,1001410000.0,,524000.0,131257000.0,4811000.0,50678000.0,,209716000.0,2537000.0,,285252000.0,,2810559,REGION MIDI-PYRENEES,962021000.0,,,73,314640000.0,region,0.0,539000.0,144859000.0,125504000.0,678772000.0,6062000.0,194404000.0,2010,31297000.0,791694000.0,11950000.0,117000.0,73926000.0,-27181000.0,84944000.0,303510000.0,234360000.0,,2780934000.0,159511000.0,0.0,270544000.0,254401000.0,49233000.0,11345000.0,651591000.0,0.1123,http://alize2.finances.gouv.fr/regions/detail.php?reg=073&exercice=2010,17950000.0
0.0,113304000.0,0.041,193601000.0,-1134000.0,13395000.0,353137000.0,,7000.0,28255000.0,1534000.0,12800000.0,,46175000.0,3470000.0,,53916000.0,,737001,REGION LIMOUSIN,349584000.0,,,74,68354000.0,region,0.0,245000.0,42415000.0,51802000.0,148244000.0,9339000.0,64258000.0,2010,5938000.0,306962000.0,16831000.0,8000.0,25647000.0,-4603000.0,23341000.0,232277000.0,47309000.0,,689185000.0,72101000.0,0.0,102657000.0,117721000.0,20750000.0,4804000.0,143641000.0,0.1598,http://alize2.finances.gouv.fr/regions/detail.php?reg=074&exercice=2010,24480000.0
0.0,741953000.0,0.0212,1124253000.0,-12789000.0,124968000.0,2147181000.0,,146000.0,156804000.0,18443000.0,55620000.0,,275760000.0,0.0,,410047000.0,,6065959,REGION RHONE-ALPES,1941854000.0,,,82,475545000.0,region,0.0,973000.0,240281000.0,220437000.0,1417384000.0,42766000.0,245046000.0,2010,55206000.0,1871421000.0,130841000.0,209000.0,112586000.0,-12789000.0,181645000.0,1447115000.0,288549000.0,,7396611000.0,323494000.0,0.0,604264000.0,582202000.0,220798000.0,8274000.0,1404595000.0,0.0528,http://alize2.finances.gouv.fr/regions/detail.php?reg=082&exercice=2010,164756000.0
0.0,134333000.0,0.0477,250430000.0,4391000.0,9337000.0,600569000.0,,24000.0,61516000.0,3126000.0,32575000.0,,153699000.0,1074000.0,,103191000.0,,1339247,REGION AUVERGNE,523380000.0,,,83,147806000.0,region,0.0,343000.0,81676000.0,59817000.0,359619000.0,16186000.0,103550000.0,2010,14248000.0,446870000.0,40873000.0,1456000.0,32268000.0,3317000.0,52624000.0,510377000.0,149308000.0,,1289603000.0,99396000.0,0.0,160803000.0,150279000.0,40000000.0,5370000.0,362936000.0,0.1092,http://alize2.finances.gouv.fr/regions/detail.php?reg=083&exercice=2010,56506000.0
0.0,96033000.0,0.0486,379357000.0,-45389000.0,31955000.0,849063000.0,,17000.0,130800000.0,10433000.0,19907000.0,,176053000.0,0.0,,161106000.0,,2560870,REGION LANGUEDOC-ROUSSILLON,841012000.0,,,91,242941000.0,region,0.0,558000.0,190257000.0,108302000.0,703990000.0,16233000.0,246602000.0,2010,31765000.0,673010000.0,24193000.0,3307000.0,107975000.0,-45389000.0,85594000.0,593376000.0,221442000.0,,2691246000.0,133815000.0,0.0,237365000.0,231321000.0,125000000.0,9164000.0,658602000.0,0.0537,http://alize2.finances.gouv.fr/regions/detail.php?reg=091&exercice=2010,39193000.0
0.0,270100000.0,0.0236,814275000.0,15185000.0,60383000.0,1832316000.0,,21000.0,144660000.0,26084000.0,56971000.0,,394358000.0,-11095000.0,,285256000.0,,4864015,REGION PROVENCE-ALPES-COTE-D'AZUR,1569195000.0,,,93,418317000.0,region,0.0,2313000.0,232183000.0,193843000.0,1496781000.0,64881000.0,474986000.0,2010,44173000.0,1437958000.0,262067000.0,0.0,131457000.0,26281000.0,162325000.0,1651497000.0,379173000.0,,6129538000.0,243734000.0,0.0,478918000.0,409452000.0,292327000.0,10322000.0,1523062000.0,0.0885,http://alize2.finances.gouv.fr/regions/detail.php?reg=093&exercice=2010,309975000.0
0.0,263322000.0,0.0102,308187000.0,-21558000.0,3531000.0,559303000.0,,1000.0,3150000.0,1646000.0,35111000.0,,108512000.0,-599000.0,,65571000.0,,299209,COLLECTIVITE TERRITORIALE DE CORSE,518834000.0,,,94,3263000.0,region,0.0,102000.0,93076000.0,49232000.0,267234000.0,11733000.0,38863000.0,2010,16891000.0,450790000.0,7775000.0,14000.0,28504000.0,-20959000.0,8690000.0,308266000.0,130071000.0,,308863000.0,36920000.0,0.0,170099000.0,33545000.0,0.0,14427000.0,246275000.0,0.0624,http://alize2.finances.gouv.fr/regions/detail.php?reg=094&exercice=2010,19504000.0
,22582000.0,,99150000.0,-35245000.0,19232000.0,256154000.0,,,,,44367000.0,2470000.0,19429000.0,0.0,,46067000.0,,401784,REGION GUADELOUPE,251773000.0,0.0,8530000.0,101,11657000.0,region,4260000.0,,79868000.0,44673000.0,191311000.0,5835000.0,54937000.0,2011,10704000.0,236724000.0,21780000.0,339000.0,33752000.0,-35245000.0,11550000.0,224173000.0,54674000.0,,,0.0,184474000.0,162590000.0,15650000.0,0.0,5400000.0,156067000.0,,http://alize2.finances.gouv.fr/regions/detail.php?reg=101&exercice=2011,27615000.0
,65161000.0,,106825000.0,82208000.0,8993000.0,256034000.0,,,,,36922000.0,2523000.0,64499000.0,0.0,,94709000.0,,397693,REGION MARTINIQUE,256034000.0,0.0,9966000.0,103,12710000.0,region,4003000.0,,116568000.0,44090000.0,135568000.0,34000.0,30834000.0,2011,9074000.0,191535000.0,0.0,0.0,18526000.0,82208000.0,16603000.0,20037000.0,-17709000.0,,,0.0,169600000.0,146858000.0,21152000.0,20000000.0,5225000.0,217776000.0,,http://alize2.finances.gouv.fr/regions/detail.php?reg=103&exercice=2011,33000.0
,9120000.0,,40623000.0,-12470000.0,1058000.0,98987000.0,,,,,24692000.0,831000.0,16105000.0,3000.0,,14393000.0,,219266,REGION GUYANE,98987000.0,0.0,3951000.0,102,5298000.0,region,-792000.0,,15650000.0,19049000.0,52786000.0,4567000.0,28825000.0,2011,4071000.0,82882000.0,8325000.0,0.0,18181000.0,-12473000.0,9979000.0,138449000.0,28575000.0,,,0.0,82882000.0,66135000.0,5685000.0,10000000.0,2291000.0,40313000.0,,http://alize2.finances.gouv.fr/regions/detail.php?reg=102&exercice=2011,12891000.0
,21612000.0,,175179000.0,19089000.0,19025000.0,506212000.0,,,,,1252867000.0,3334000.0,139094000.0,807000.0,,81370000.0,,808250,REGION REUNION,442607000.0,0.0,21575000.0,104,25394000.0,region,2787000.0,,180602000.0,76450000.0,1651439000.0,12479000.0,130449000.0,2011,18283000.0,367118000.0,135679000.0,208000.0,30313000.0,18282000.0,38823000.0,350283000.0,120005000.0,,,0.0,296227000.0,261985000.0,28230000.0,115294000.0,6894000.0,1669721000.0,,http://alize2.finances.gouv.fr/regions/detail.php?reg=104&exercice=2011,148048000.0
,842569000.0,,1874189000.0,-24780000.0,99891000.0,3525075000.0,,,,,246591000.0,120211000.0,431491000.0,-1839000.0,,1192136000.0,,11659260,REGION ILE-DE-FRANCE,3399221000.0,894000.0,1208792000.0,11,1337428000.0,region,-671522000.0,,478528000.0,367674000.0,3501361000.0,135913000.0,918641000.0,2011,119585000.0,3093584000.0,485000000.0,175000.0,188558000.0,-22941000.0,318536000.0,3971611000.0,456271000.0,,,919376000.0,2568730000.0,1575829000.0,734695000.0,949796000.0,12900000.0,3478420000.0,,http://alize2.finances.gouv.fr/regions/detail.php?reg=011&exercice=2011,577952000.0
,184691000.0,,292830000.0,-8379000.0,25927000.0,550033000.0,,,,,23017000.0,15184000.0,89279000.0,-19760000.0,,92814000.0,,1338004,REGION CHAMPAGNE-ARDENNE,499790000.0,331000.0,61772000.0,21,77720000.0,region,15840000.0,,46829000.0,61526000.0,257300000.0,12042000.0,78285000.0,2011,10121000.0,460754000.0,30133000.0,11000.0,39468000.0,11381000.0,51862000.0,408097000.0,97658000.0,,,104708000.0,406096000.0,157918000.0,131297000.0,90600000.0,21758000.0,268680000.0,,http://alize2.finances.gouv.fr/regions/detail.php?reg=021&exercice=2011,36886000.0
,242983000.0,,447423000.0,-3809000.0,42205000.0,819304000.0,,,,,58893000.0,25501000.0,119390000.0,-405000.0,,134297000.0,,1906601,REGION PICARDIE,742294000.0,166000.0,81562000.0,22,109018000.0,region,27519000.0,,68711000.0,101101000.0,442251000.0,17284000.0,158668000.0,2011,16165000.0,699914000.0,44721000.0,7000.0,52316000.0,-3404000.0,66358000.0,576915000.0,123199000.0,,,136076000.0,619500000.0,219735000.0,222007000.0,65000000.0,37849000.0,438847000.0,,http://alize2.finances.gouv.fr/regions/detail.php?reg=022&exercice=2011,61427000.0
,211782000.0,,298496000.0,-48575000.0,33959000.0,719616000.0,,,,,21045000.0,15033000.0,171699000.0,1111000.0,,132820000.0,,1825667,REGION HAUTE-NORMANDIE,685153000.0,29000.0,102245000.0,23,118709000.0,region,42862000.0,,92095000.0,99811000.0,391769000.0,8630000.0,49435000.0,2011,16920000.0,547917000.0,17168000.0,71000.0,53018000.0,-49686000.0,83687000.0,259517000.0,220274000.0,,,127733000.0,461082000.0,211510000.0,150865000.0,50000000.0,47821000.0,342083000.0,,http://alize2.finances.gouv.fr/regions/detail.php?reg=023&exercice=2011,25739000.0
,270858000.0,,444172000.0,23088000.0,27447000.0,984612000.0,,,,,33718000.0,31157000.0,224633000.0,0.0,,224802000.0,,2531588,REGION CENTRE,873685000.0,300000.0,129020000.0,24,161268000.0,region,24214000.0,,98390000.0,103286000.0,514697000.0,15911000.0,139596000.0,2011,14928000.0,759979000.0,46073000.0,100000.0,70953000.0,23088000.0,93767000.0,584627000.0,201545000.0,,,175090000.0,636687000.0,274150000.0,243121000.0,75200000.0,35460000.0,537784000.0,,http://alize2.finances.gouv.fr/regions/detail.php?reg=024&exercice=2011,61837000.0
,108985000.0,,266190000.0,-34432000.0,19223000.0,535054000.0,,,,,17350000.0,13189000.0,35540000.0,-392000.0,,115117000.0,,1467425,REGION BASSE-NORMANDIE,531359000.0,70000.0,62000000.0,25,76383000.0,region,37783000.0,,37517000.0,68888000.0,250096000.0,6734000.0,133185000.0,2011,7085000.0,499515000.0,29211000.0,12000.0,49484000.0,-34040000.0,58846000.0,267714000.0,69971000.0,,,113887000.0,391722000.0,170182000.0,118731000.0,48900000.0,43329000.0,216056000.0,,http://alize2.finances.gouv.fr/regions/detail.php?reg=025&exercice=2011,35658000.0
,274529000.0,,363368000.0,-10352000.0,21338000.0,671142000.0,,,,,24302000.0,31558000.0,83822000.0,-9491000.0,,126319000.0,,1638588,REGION BOURGOGNE,601011000.0,275000.0,73521000.0,26,106673000.0,region,12168000.0,,84806000.0,76403000.0,445061000.0,10460000.0,62695000.0,2011,8076000.0,587320000.0,50742000.0,28000.0,47781000.0,-862000.0,59639000.0,501918000.0,94174000.0,,,123529000.0,498515000.0,195909000.0,171941000.0,96040000.0,19972000.0,444200000.0,,http://alize2.finances.gouv.fr/regions/detail.php?reg=026&exercice=2011,60009000.0
,345150000.0,,734785000.0,60367000.0,74844000.0,1520687000.0,,,,,66792000.0,32772000.0,207456000.0,0.0,,383188000.0,,4024490,REGION NORD-PAS-DE-CALAIS (NPDC),1490784000.0,0.0,186493000.0,31,223466000.0,region,91053000.0,,229783000.0,231696000.0,986994000.0,45381000.0,303337000.0,2011,30110000.0,1313230000.0,100131000.0,1070000.0,143979000.0,60367000.0,159588000.0,1836871000.0,147089000.0,,,278059000.0,1157186000.0,448627000.0,359737000.0,230000000.0,107004000.0,1047361000.0,,http://alize2.finances.gouv.fr/regions/detail.php?reg=031&exercice=2011,133860000.0
,304892000.0,,445240000.0,3547000.0,32075000.0,908239000.0,,,,,33164000.0,23769000.0,144175000.0,9010000.0,,144571000.0,,2346361,REGION LORRAINE,812743000.0,378000.0,97633000.0,41,122486000.0,region,24946000.0,,62143000.0,118526000.0,390619000.0,23492000.0,103210000.0,2011,14772000.0,764063000.0,37471000.0,230000.0,76149000.0,-5463000.0,83651000.0,700610000.0,140629000.0,,,180061000.0,664389000.0,288571000.0,217786000.0,65000000.0,30697000.0,385157000.0,,http://alize2.finances.gouv.fr/regions/detail.php?reg=041&exercice=2011,58170000.0
,265222000.0,,368411000.0,18258000.0,18233000.0,728285000.0,,,,,25105000.0,16949000.0,126922000.0,0.0,,129799000.0,,1837087,REGION ALSACE,633675000.0,143000.0,111082000.0,42,130212000.0,region,5971000.0,,54499000.0,66068000.0,403456000.0,24115000.0,80967000.0,2011,12671000.0,601363000.0,48998000.0,18000.0,46044000.0,18258000.0,63286000.0,825976000.0,108663000.0,,,119177000.0,504764000.0,196633000.0,189288000.0,67000000.0,8812000.0,421714000.0,,http://alize2.finances.gouv.fr/regions/detail.php?reg=042&exercice=2011,69375000.0
,119417000.0,,222223000.0,-19035000.0,16133000.0,478776000.0,,,,,18313000.0,10812000.0,87416000.0,81000.0,,93976000.0,,1163931,REGION FRANCHE-COMTE,419457000.0,221000.0,53484000.0,43,64839000.0,region,22887000.0,,41995000.0,64992000.0,269888000.0,5712000.0,84089000.0,2011,7803000.0,391360000.0,14350000.0,4000.0,29853000.0,-19117000.0,45325000.0,210115000.0,106452000.0,,,74063000.0,322793000.0,122369000.0,116935000.0,24000000.0,26410000.0,250772000.0,,http://alize2.finances.gouv.fr/regions/detail.php?reg=043&exercice=2011,19913000.0
,287519000.0,,453096000.0,2173000.0,44606000.0,1207453000.0,,,,,48683000.0,32293000.0,308533000.0,3879000.0,,303003000.0,,3510170,REGION PAYS-DE-LA-LOIRE,1042586000.0,37000.0,179998000.0,52,216184000.0,region,15620000.0,,97584000.0,118319000.0,819685000.0,27282000.0,114065000.0,2011,15168000.0,898920000.0,103068000.0,3000.0,125416000.0,-1706000.0,141434000.0,918890000.0,306360000.0,,,182768000.0,726796000.0,321675000.0,263138000.0,94089000.0,27152000.0,817979000.0,,http://alize2.finances.gouv.fr/regions/detail.php?reg=052&exercice=2011,128066000.0
,256581000.0,,498272000.0,-21173000.0,30751000.0,994776000.0,,,,,42162000.0,27937000.0,166188000.0,0.0,,226244000.0,,3149701,REGION BRETAGNE,983614000.0,53000.0,139879000.0,53,170516000.0,region,26433000.0,,79129000.0,128773000.0,522919000.0,9384000.0,204266000.0,2011,11196000.0,828588000.0,32215000.0,141000.0,63409000.0,-21173000.0,87372000.0,309786000.0,187361000.0,,,217246000.0,700315000.0,333615000.0,259325000.0,9000000.0,38303000.0,501746000.0,,http://alize2.finances.gouv.fr/regions/detail.php?reg=053&exercice=2011,39581000.0
,50753000.0,,293063000.0,-45817000.0,23233000.0,598462000.0,,,,,55208000.0,18081000.0,75719000.0,657000.0,,111068000.0,,1752708,REGION POITOU-CHARENTES,533811000.0,81000.0,72495000.0,54,91532000.0,region,12112000.0,,42859000.0,98078000.0,368536000.0,10592000.0,213239000.0,2011,12116000.0,522743000.0,24365000.0,509000.0,46986000.0,-46475000.0,77211000.0,302402000.0,121536000.0,,,82375000.0,449381000.0,155737000.0,144522000.0,20000000.0,21699000.0,322061000.0,,http://alize2.finances.gouv.fr/regions/detail.php?reg=054&exercice=2011,32571000.0
,271744000.0,,471179000.0,30829000.0,38584000.0,1212757000.0,,,,,58499000.0,29820000.0,329636000.0,21451000.0,,327629000.0,,3177625,REGION AQUITAINE,1053025000.0,18000.0,147252000.0,72,179808000.0,region,46183000.0,,163017000.0,134369000.0,917711000.0,8343000.0,151790000.0,2011,22548000.0,883121000.0,42719000.0,2492000.0,83998000.0,9379000.0,102805000.0,369348000.0,298807000.0,,,207575000.0,698408000.0,345745000.0,271002000.0,106000000.0,56255000.0,927090000.0,,http://alize2.finances.gouv.fr/regions/detail.php?reg=072&exercice=2011,50812000.0
,214248000.0,,457120000.0,-144491000.0,43811000.0,989280000.0,,,,,51524000.0,27247000.0,163403000.0,8936000.0,,252046000.0,,2838228,REGION MIDI-PYRENEES,952056000.0,371000.0,134863000.0,73,166770000.0,region,65030000.0,,71260000.0,127810000.0,714587000.0,6922000.0,190228000.0,2011,30134000.0,825877000.0,11177000.0,712000.0,80396000.0,-153427000.0,78829000.0,333132000.0,307894000.0,,,157514000.0,673340000.0,268046000.0,258118000.0,42751000.0,76779000.0,561161000.0,,http://alize2.finances.gouv.fr/regions/detail.php?reg=073&exercice=2011,18070000.0
,101139000.0,,182378000.0,-5046000.0,12780000.0,367680000.0,,,,,10412000.0,8246000.0,50231000.0,25000.0,,50363000.0,,740743,REGION LIMOUSIN,362342000.0,116000.0,26476000.0,74,34791000.0,region,16726000.0,,31827000.0,53267000.0,172726000.0,9202000.0,66100000.0,2011,5882000.0,317449000.0,17554000.0,1000.0,37339000.0,-5071000.0,25263000.0,245330000.0,55278000.0,,,79794000.0,283185000.0,109546000.0,120394000.0,30607000.0,22196000.0,167654000.0,,http://alize2.finances.gouv.fr/regions/detail.php?reg=074&exercice=2011,25698000.0
,644915000.0,,1139037000.0,-1448000.0,122948000.0,2201599000.0,,,,,56794000.0,67976000.0,265741000.0,0.0,,369647000.0,,6117229,REGION RHONE-ALPES,1969303000.0,423000.0,380404000.0,82,453363000.0,region,10910000.0,,199740000.0,226583000.0,1221016000.0,46157000.0,358516000.0,2011,50264000.0,1935858000.0,109279000.0,507000.0,125097000.0,-1448000.0,190589000.0,1469455000.0,267189000.0,,,316398000.0,1539832000.0,593325000.0,581503000.0,131619000.0,19029000.0,1219568000.0,,http://alize2.finances.gouv.fr/regions/detail.php?reg=082&exercice=2011,146883000.0
,138066000.0,,256781000.0,-2489000.0,15001000.0,588108000.0,,,,,32459000.0,12928000.0,128120000.0,4083000.0,,108639000.0,,1341863,REGION AUVERGNE,515176000.0,6000.0,56888000.0,83,70918000.0,region,30114000.0,,97852000.0,61560000.0,344534000.0,20042000.0,100209000.0,2011,11925000.0,459988000.0,45132000.0,808000.0,36020000.0,-6573000.0,48568000.0,503848000.0,130610000.0,,,94047000.0,377764000.0,155885000.0,143838000.0,41602000.0,35666000.0,337961000.0,,http://alize2.finances.gouv.fr/regions/detail.php?reg=083&exercice=2011,64550000.0
,98787000.0,,386936000.0,-14216000.0,30188000.0,893929000.0,,,,,30585000.0,24843000.0,151544000.0,0.0,,164606000.0,,2581718,REGION LANGUEDOC-ROUSSILLON,859189000.0,26000.0,96369000.0,91,123549000.0,region,58747000.0,,213409000.0,109959000.0,814696000.0,18772000.0,252973000.0,2011,26874000.0,742385000.0,104028000.0,20000.0,122956000.0,-14216000.0,83277000.0,688598000.0,165760000.0,,,133892000.0,639452000.0,254789000.0,234584000.0,199250000.0,68386000.0,800479000.0,,http://alize2.finances.gouv.fr/regions/detail.php?reg=091&exercice=2011,121260000.0
,291175000.0,,828339000.0,-49328000.0,40718000.0,1875831000.0,,,,,35024000.0,45255000.0,380688000.0,-221000.0,,280823000.0,,4882913,REGION PROVENCE-ALPES-COTE-D'AZUR,1635766000.0,180000.0,230582000.0,93,285239000.0,region,66608000.0,,214741000.0,205751000.0,1187670000.0,67419000.0,484776000.0,2011,40633000.0,1495143000.0,172090000.0,0.0,141503000.0,-49107000.0,165327000.0,1708698000.0,430016000.0,,,264531000.0,1252202000.0,540965000.0,408961000.0,229283000.0,77504000.0,1138563000.0,,http://alize2.finances.gouv.fr/regions/detail.php?reg=093&exercice=2011,222811000.0
,263500000.0,,309549000.0,41390000.0,1661000.0,568719000.0,,,,,50880000.0,2636000.0,111390000.0,203000.0,,97518000.0,,302966,COLLECTIVITE TERRITORIALE DE CORSE,526076000.0,0.0,10274000.0,94,12928000.0,region,1660000.0,,83401000.0,52968000.0,349661000.0,13439000.0,42038000.0,2011,13306000.0,457330000.0,8145000.0,136000.0,29250000.0,41187000.0,8761000.0,300121000.0,70000000.0,,,33289000.0,406763000.0,179936000.0,36274000.0,0.0,3088000.0,390847000.0,,http://alize2.finances.gouv.fr/regions/detail.php?reg=094&exercice=2011,21584000.0
,20357000.0,,96609000.0,30732000.0,17053000.0,266143000.0,,,,,41654000.0,2520000.0,28526000.0,0.0,,57887000.0,,401554,REGION GUADELOUPE,253023000.0,0.0,9803000.0,101,11593000.0,region,4231000.0,,86391000.0,45942000.0,149825000.0,6387000.0,54724000.0,2012,9534000.0,237618000.0,21091000.0,23000.0,35672000.0,30732000.0,12716000.0,223081000.0,-2206000.0,,,0.0,185976000.0,155858000.0,15650000.0,20000000.0,5277000.0,180557000.0,,http://alize2.finances.gouv.fr/regions/detail.php?reg=101&exercice=2012,27478000.0
,64792000.0,,106748000.0,-90062000.0,14619000.0,241430000.0,,,,,71596000.0,2559000.0,48419000.0,0.0,,84315000.0,,396404,REGION MARTINIQUE,238445000.0,0.0,10980000.0,103,12787000.0,region,3971000.0,,100514000.0,50902000.0,315490000.0,2272000.0,25463000.0,2012,12177000.0,193010000.0,1333000.0,0.0,19980000.0,-90062000.0,16550000.0,111275000.0,138481000.0,,,0.0,182205000.0,141070000.0,21152000.0,92572000.0,6176000.0,225428000.0,,http://alize2.finances.gouv.fr/regions/detail.php?reg=103&exercice=2012,3605000.0
,9777000.0,,44346000.0,10597000.0,1167000.0,105119000.0,,,,,18185000.0,847000.0,5170000.0,0.0,,13966000.0,,224469,REGIONION GUYANE,100973000.0,0.0,4134000.0,102,5200000.0,region,2220000.0,,22672000.0,20751000.0,42946000.0,5401000.0,31472000.0,2012,2284000.0,99949000.0,9117000.0,56000.0,20891000.0,10597000.0,1812000.0,128853000.0,-5427000.0,,,0.0,91731000.0,62197000.0,5685000.0,4000.0,2386000.0,53543000.0,,http://alize2.finances.gouv.fr/regions/detail.php?reg=102&exercice=2012,14518000.0
,21367000.0,,203509000.0,46433000.0,38861000.0,586874000.0,,,,,111099000.0,3413000.0,170276000.0,2286000.0,,77336000.0,,816364,REGION REUNION,498974000.0,1000.0,22492000.0,104,22985000.0,region,2835000.0,,181369000.0,91906000.0,773551000.0,11370000.0,138641000.0,2012,18277000.0,416598000.0,311386000.0,4065000.0,36450000.0,44147000.0,38117000.0,328375000.0,123843000.0,,,0.0,365656000.0,269637000.0,28230000.0,291529000.0,9896000.0,817699000.0,,http://alize2.finances.gouv.fr/regions/detail.php?reg=104&exercice=2012,321845000.0
,939658000.0,,1931504000.0,-133040000.0,96796000.0,3566281000.0,,,,,312098000.0,119134000.0,300408000.0,102000.0,,1274229000.0,,11728240,REGION ILE-DE-FRANCE,3413360000.0,626000.0,1240517000.0,11,1364690000.0,region,-669952000.0,,346695000.0,383694000.0,2961297000.0,153642000.0,882078000.0,2012,105237000.0,3265873000.0,284993000.0,1099000.0,195721000.0,-133141000.0,323693000.0,4331618000.0,433448000.0,,,915825000.0,2666514000.0,1562467000.0,734695000.0,645000000.0,11906000.0,2828155000.0,,http://alize2.finances.gouv.fr/regions/detail.php?reg=011&exercice=2012,398871000.0
,190155000.0,,297711000.0,-28669000.0,32228000.0,556759000.0,,,,,21415000.0,15186000.0,74577000.0,66000.0,,81204000.0,,1337953,REGION CHAMPAGNE-ARDENNE,499031000.0,340000.0,63942000.0,21,79589000.0,region,15789000.0,,48308000.0,63801000.0,327596000.0,12048000.0,71363000.0,2012,10322000.0,482182000.0,40563000.0,121000.0,44995000.0,-28735000.0,51788000.0,437534000.0,103246000.0,,,106312000.0,418620000.0,160819000.0,131297000.0,70000000.0,21067000.0,298860000.0,,http://alize2.finances.gouv.fr/regions/detail.php?reg=021&exercice=2012,46706000.0
,233751000.0,,423753000.0,-13733000.0,34400000.0,846377000.0,,,,,61585000.0,25901000.0,165644000.0,4438000.0,,125299000.0,,1911157,REGION PICARDIE,761417000.0,120000.0,84712000.0,22,111661000.0,region,27438000.0,,51359000.0,101558000.0,406986000.0,16914000.0,149097000.0,2012,19057000.0,680733000.0,39878000.0,12000.0,48579000.0,-18172000.0,66011000.0,581877000.0,179377000.0,,,139827000.0,592702000.0,233131000.0,222007000.0,45000000.0,36521000.0,388814000.0,,http://alize2.finances.gouv.fr/regions/detail.php?reg=022&exercice=2012,56622000.0
,204418000.0,,294716000.0,23348000.0,35349000.0,713203000.0,,,,,20289000.0,15085000.0,161690000.0,1456000.0,,136792000.0,,1832942,REGION HAUTE-NORMANDIE,691867000.0,29000.0,106433000.0,23,122061000.0,region,42561000.0,,60214000.0,103358000.0,289215000.0,7642000.0,49351000.0,2012,14620000.0,551513000.0,19097000.0,39000.0,49426000.0,21892000.0,86913000.0,240422000.0,138342000.0,,,126346000.0,455778000.0,206605000.0,150865000.0,0.0,48282000.0,311107000.0,,http://alize2.finances.gouv.fr/regions/detail.php?reg=023&exercice=2012,26724000.0
,278480000.0,,446245000.0,-19166000.0,27755000.0,1025706000.0,,,,,46949000.0,30795000.0,238315000.0,0.0,,209357000.0,,2538590,REGION CENTRE,900953000.0,269000.0,133939000.0,24,166291000.0,region,24162000.0,,85653000.0,107476000.0,527086000.0,17718000.0,133350000.0,2012,14656000.0,787391000.0,46268000.0,36000.0,78180000.0,-19166000.0,95913000.0,674703000.0,257481000.0,,,173736000.0,650771000.0,284382000.0,243123000.0,53800000.0,35248000.0,507920000.0,,http://alize2.finances.gouv.fr/regions/detail.php?reg=024&exercice=2012,63759000.0
,107190000.0,,266734000.0,12633000.0,20490000.0,572356000.0,,,,,14557000.0,13299000.0,69971000.0,-217000.0,,132236000.0,,1470880,REGION BASSE-NORMANDIE,539590000.0,288000.0,64681000.0,25,78478000.0,region,37475000.0,,38916000.0,71119000.0,266241000.0,6878000.0,134630000.0,2012,7145000.0,502385000.0,26079000.0,24000.0,47215000.0,12850000.0,61420000.0,311441000.0,57338000.0,,,113678000.0,392416000.0,174845000.0,118731000.0,69900000.0,43477000.0,279091000.0,,http://alize2.finances.gouv.fr/regions/detail.php?reg=025&exercice=2012,32712000.0
,258660000.0,,355234000.0,1350000.0,23868000.0,707769000.0,,,,,24590000.0,31180000.0,107508000.0,-2056000.0,,115891000.0,,1642440,REGION BOURGOGNE,618130000.0,267000.0,75643000.0,26,107543000.0,region,12239000.0,,64295000.0,77335000.0,364843000.0,12419000.0,65293000.0,2012,7913000.0,600261000.0,50241000.0,23000.0,48510000.0,3406000.0,59951000.0,547141000.0,106158000.0,,,122775000.0,494067000.0,198931000.0,171941000.0,95464000.0,19735000.0,368249000.0,,http://alize2.finances.gouv.fr/regions/detail.php?reg=026&exercice=2012,60181000.0
,353296000.0,,758695000.0,-47140000.0,69652000.0,1579713000.0,,,,,67620000.0,33097000.0,200745000.0,0.0,,312312000.0,,4033197,REGION NORD-PAS-DE-CALAIS (NPDC),1540542000.0,1000.0,190406000.0,31,227936000.0,region,90510000.0,,262769000.0,235419000.0,963577000.0,43186000.0,322864000.0,2012,25997000.0,1378968000.0,169476000.0,768000.0,144154000.0,-47140000.0,155707000.0,1919150000.0,247886000.0,,,281256000.0,1188779000.0,451285000.0,359719000.0,256896000.0,107796000.0,916436000.0,,http://alize2.finances.gouv.fr/regions/detail.php?reg=031&exercice=2012,207095000.0
,306830000.0,,432075000.0,-55721000.0,16956000.0,931914000.0,,,,,42188000.0,23821000.0,141165000.0,12535000.0,,137020000.0,,2350112,REGION LORRAINE,828513000.0,124000.0,100277000.0,41,124622000.0,region,24814000.0,,46795000.0,122016000.0,429016000.0,24062000.0,102852000.0,2012,18604000.0,790749000.0,39099000.0,1838000.0,84323000.0,-68255000.0,83761000.0,729211000.0,196885000.0,,,181069000.0,663156000.0,290388000.0,217786000.0,67700000.0,30881000.0,360760000.0,,http://alize2.finances.gouv.fr/regions/detail.php?reg=041&exercice=2012,60013000.0
,270822000.0,,364535000.0,14327000.0,19479000.0,736934000.0,,,,,32827000.0,17375000.0,139605000.0,0.0,,128911000.0,,1843053,REGION ALSACE,635510000.0,101000.0,116113000.0,42,134350000.0,region,5473000.0,,53166000.0,67098000.0,408942000.0,24192000.0,70982000.0,2012,10265000.0,597329000.0,51374000.0,42000.0,38179000.0,14327000.0,63122000.0,822029000.0,125278000.0,,,119153000.0,494171000.0,194465000.0,189288000.0,51300000.0,8864000.0,423268000.0,,http://alize2.finances.gouv.fr/regions/detail.php?reg=042&exercice=2012,71099000.0
,130812000.0,,241858000.0,13705000.0,16458000.0,493972000.0,,,,,19444000.0,10851000.0,95134000.0,5785000.0,,69558000.0,,1168208,REGION FRANCHE-COMTE,429628000.0,118000.0,56847000.0,43,68752000.0,region,22702000.0,,53160000.0,66595000.0,229180000.0,4913000.0,92159000.0,2012,5890000.0,398838000.0,14314000.0,27000.0,20761000.0,7920000.0,45466000.0,200801000.0,81429000.0,,,74162000.0,334154000.0,123144000.0,116935000.0,5000000.0,26523000.0,237100000.0,,http://alize2.finances.gouv.fr/regions/detail.php?reg=043&exercice=2012,19084000.0
,272960000.0,,493330000.0,9176000.0,47845000.0,1015896000.0,,,,,31529000.0,28248000.0,157133000.0,0.0,,286780000.0,,3175064,REGION BRETAGNE,999690000.0,287000.0,140915000.0,53,170456000.0,region,27429000.0,,88706000.0,133703000.0,566556000.0,8452000.0,166163000.0,2012,12214000.0,858763000.0,39430000.0,1785000.0,81005000.0,9176000.0,79714000.0,339933000.0,147957000.0,,,223736000.0,717144000.0,370022000.0,259325000.0,70000000.0,39385000.0,575732000.0,,http://alize2.finances.gouv.fr/regions/detail.php?reg=053&exercice=2012,45363000.0
,305450000.0,,467476000.0,-29889000.0,44600000.0,1244217000.0,,,,,40983000.0,32725000.0,291816000.0,802000.0,,279882000.0,,3539048,REGION PAYS-DE-LA-LOIRE,1058697000.0,258000.0,185270000.0,52,219406000.0,region,15760000.0,,179382000.0,120743000.0,961096000.0,26050000.0,110223000.0,2012,14663000.0,952401000.0,127585000.0,63000.0,142498000.0,-30691000.0,142889000.0,1005064000.0,321705000.0,,,178750000.0,757080000.0,328489000.0,263138000.0,213759000.0,26913000.0,930405000.0,,http://alize2.finances.gouv.fr/regions/detail.php?reg=052&exercice=2012,151497000.0
,51080000.0,,290454000.0,33488000.0,30129000.0,596723000.0,,,,,31786000.0,18181000.0,75654000.0,-273000.0,,89203000.0,,1760575,REGION POITOU-CHARENTES,532535000.0,156000.0,75164000.0,54,94014000.0,region,12193000.0,,46107000.0,100408000.0,260302000.0,14622000.0,200322000.0,2012,8212000.0,521069000.0,25391000.0,33000.0,47589000.0,33761000.0,74551000.0,327998000.0,42165000.0,,,83205000.0,453987000.0,160284000.0,144522000.0,51000000.0,21281000.0,294063000.0,,http://alize2.finances.gouv.fr/regions/detail.php?reg=054&exercice=2012,34524000.0
,279764000.0,,488720000.0,-22331000.0,44880000.0,1235928000.0,,,,,51329000.0,30347000.0,311007000.0,36697000.0,,309731000.0,,3206137,REGION AQUITAINE,1059074000.0,256000.0,151242000.0,72,184262000.0,region,46077000.0,,162888000.0,136607000.0,1027911000.0,11183000.0,155757000.0,2012,20421000.0,924921000.0,70179000.0,297000.0,82117000.0,-59028000.0,107775000.0,458069000.0,333338000.0,,,208152000.0,722765000.0,341897000.0,271002000.0,158900000.0,56884000.0,968884000.0,,http://alize2.finances.gouv.fr/regions/detail.php?reg=072&exercice=2012,81183000.0
,227173000.0,,467413000.0,96738000.0,44569000.0,1015255000.0,,,,,35265000.0,27618000.0,154117000.0,9853000.0,,256436000.0,,2862707,REGION MIDI-PYRENEES,980206000.0,189000.0,137952000.0,73,166065000.0,region,64838000.0,,70863000.0,127757000.0,475610000.0,6056000.0,186802000.0,2012,19627000.0,861138000.0,42257000.0,35000.0,84086000.0,86885000.0,97878000.0,288890000.0,57379000.0,,,156153000.0,685498000.0,265110000.0,258118000.0,896000.0,77823000.0,562496000.0,,http://alize2.finances.gouv.fr/regions/detail.php?reg=073&exercice=2012,48289000.0
,88961000.0,,186507000.0,14791000.0,29551000.0,403207000.0,,,,,11995000.0,8211000.0,66625000.0,0.0,,95164000.0,,741785,REGION LIMOUSIN,362671000.0,108000.0,27369000.0,74,35780000.0,region,16558000.0,,5567000.0,53838000.0,234357000.0,10622000.0,65244000.0,2012,5190000.0,336582000.0,28120000.0,80000.0,37294000.0,14791000.0,25233000.0,250486000.0,51834000.0,,,79785000.0,288658000.0,112365000.0,120394000.0,33276000.0,21460000.0,249148000.0,,http://alize2.finances.gouv.fr/regions/detail.php?reg=074&exercice=2012,37090000.0
,662978000.0,,1177483000.0,-60375000.0,114932000.0,2230010000.0,,,,,53884000.0,67552000.0,210205000.0,0.0,,382553000.0,,6174040,REGION RHONE-ALPES,1985304000.0,311000.0,396742000.0,82,465916000.0,region,13358000.0,,192576000.0,231311000.0,1317611000.0,49871000.0,387188000.0,2012,36450000.0,2019805000.0,104014000.0,92000.0,138001000.0,-60375000.0,196222000.0,1563560000.0,270580000.0,,,318071000.0,1598139000.0,606373000.0,581503000.0,198119000.0,21498000.0,1257237000.0,,http://alize2.finances.gouv.fr/regions/detail.php?reg=082&exercice=2012,143113000.0
,142146000.0,,267929000.0,-26465000.0,19776000.0,589017000.0,,,,,41496000.0,13142000.0,102122000.0,159000.0,,91762000.0,,1343964,REGION AUVERGNE,516280000.0,8000.0,58214000.0,83,71438000.0,region,29576000.0,,84238000.0,64322000.0,339076000.0,26382000.0,102700000.0,2012,12210000.0,486896000.0,45645000.0,303000.0,41312000.0,-26624000.0,50655000.0,500703000.0,128586000.0,,,92167000.0,403816000.0,152421000.0,143838000.0,42500000.0,35800000.0,312453000.0,,http://alize2.finances.gouv.fr/regions/detail.php?reg=083&exercice=2012,67482000.0
,95390000.0,,394765000.0,-31459000.0,34394000.0,906855000.0,,,,,39477000.0,24725000.0,130753000.0,0.0,,186415000.0,,2610890,REGION LANGUEDOC-ROUSSILLON,863554000.0,32000.0,99549000.0,91,126358000.0,region,58747000.0,,214567000.0,114553000.0,862894000.0,20654000.0,260014000.0,2012,26461000.0,776102000.0,57934000.0,3251000.0,118191000.0,-31459000.0,81522000.0,823694000.0,162213000.0,,,133406000.0,649620000.0,255807000.0,234584000.0,165580000.0,67782000.0,831435000.0,,http://alize2.finances.gouv.fr/regions/detail.php?reg=091&exercice=2012,77412000.0
,271021000.0,,833079000.0,-17103000.0,71532000.0,1926382000.0,,,,,46668000.0,44859000.0,375389000.0,20000.0,,320511000.0,,4889053,REGION PROVENCE-ALPES-COTE-D'AZUR,1671528000.0,169000.0,240120000.0,93,289654000.0,region,66369000.0,,209975000.0,221404000.0,1387230000.0,62985000.0,478242000.0,2012,37407000.0,1550992000.0,223128000.0,16000.0,164775000.0,-17123000.0,189623000.0,1768074000.0,392493000.0,,,284536000.0,1285434000.0,546212000.0,408961000.0,282503000.0,79051000.0,1370107000.0,,http://alize2.finances.gouv.fr/regions/detail.php?reg=093&exercice=2012,274347000.0
,267753000.0,,318212000.0,-4370000.0,1656000.0,564156000.0,,,,,223833000.0,2607000.0,88061000.0,381000.0,,91078000.0,,305674,COLLECTIVITE TERRITORIALE DE CORSE,524601000.0,0.0,10436000.0,94,13043000.0,region,1648000.0,,95425000.0,56299000.0,746779000.0,12236000.0,46452000.0,2012,12312000.0,476096000.0,105194000.0,541000.0,28595000.0,-4750000.0,8777000.0,301461000.0,92430000.0,,,35641000.0,419838000.0,177125000.0,36274000.0,106534000.0,3073000.0,742029000.0,,http://alize2.finances.gouv.fr/regions/detail.php?reg=094&exercice=2012,312497000.0
